Filename,Title,Description,PubDate,Tags
"100-things-to-do-tokyo.md","100 Things To Do When Visiting Tokyo: The Ultimate Bucket List","From iconic landmarks to hidden gems; here's your complete guide to experiencing the best of Tokyo. Whether you're a first-time visitor or a returning traveler; this list has something for everyone!","2026-01-30","TravelSpots"
"100-yen-shop-guide.md","What Can I Find at 100 Yen Shops?","A local's guide to Japan's dollar stores. Amazing finds for ¥100 each.","2026-09-10","Souvenirs🎁"
"2k-yen-bills-still-valid.md","Are 2k yen bills still valid in Japan or have they been discontinued?","Discover why 2000 yen notes are still valid yet rarely seen; and whether you should keep or spend this commemorative Japanese bill.","2025-03-03","Money"
"7-eleven-smoothie-payment.md","When Do You Pay for a Fruit Smoothie at 7-11?","A local's guide to ordering frozen fruit smoothies at Japanese convenience stores. Learn the payment process; best flavors; and insider tips!","2025-08-12","Restaurant🍣"
"affordable-anti-aging-cream.md","Where can I find affordable; high-quality anti-aging face cream for souvenirs?","Discover affordable; high-quality anti-aging face creams in Japan! Visit Atcosme stores for popular options or explore drugstores for budget-friendly choices.","2025-07-25","Souvenirs"
"airport-limousine-bus-guide.md","How Do Airport Limousine Buses Work and Do I Need Reservations?","A local's complete guide to Japan's airport limousine buses. Learn about reservations; pricing; routes; and why this might be your best airport transfer option.","2025-08-12","Transportation🚃"
"airport-limousine-bus.md","How Do Airport Limousine Buses Work?","A local explains airport bus services and why reservations aren't needed.","2026-12-22","Transportation🚃"
"airport-souvenirs-worth-it.md","Should I Buy Souvenirs at the Airport?","A local explains why airport shopping might be your best option.","2026-12-17","Souvenirs🎁"
"akihabara-guide-beginners.md","What to Do in Akihabara: A Beginner's Guide","A local explains Akihabara. Anime; electronics; and otaku culture.","2026-11-24","TravelSpots🗼"
"animal-cafe-tokyo.md","What Are Animal Cafes in Japan?","A local explains animal cafes. Cats; owls; hedgehogs and more.","2026-10-22","TravelSpots🗼"
"antique-markets-tokyo.md","Where Are the Best Antique Markets in Tokyo?","A local's guide to Tokyo's antique markets. When; where; and what to find.","2026-04-25","Souvenirs🎁"
"apple-watch-japanese-band.md","Is there an Apple Watch band with a Japanese design available?","Discover the elegant Tsuchiya Kaban Apple Watch bands; embodying Japanese craftsmanship with quality leather. Buy tax-free while visiting Japan!","2025-07-25","Souvenirs"
"apps-for-japan.md","What Apps Should I Download Before Coming to Japan?","A local recommends the essential apps for traveling in Japan.","2026-12-28","TravelSpots🗼"
"are-there-places-in-shinjuku-where-children-can-play-and-families-can-hang-out-together.md","Are there places in Shinjuku where children can play and families can hang out together?","Explore our comprehensive guide to digital marketing strategies that elevate your brand; boost visibility; and drive sales effectively.","2025-07-25","Souvenirs"
"art-aquarium-21st-century-museum.md","Best Art and Design Experiences in Japan","A local's guide to unique art spots in Tokyo and beyond. From goldfish art to cutting-edge contemporary museums.","2026-02-19","TravelSpots🗼"
"art-galleries-tokyo.md","Best Art Museums in Tokyo","A local recommends Roppongi and Ueno for art lovers.","2027-01-02","TravelSpots🗼"
"art-museum-japan.md","Recommendations for art and design places to visit in Tokyo and beyond?","Explore Tokyo's vibrant art scene with unique attractions like ART AQUARIUM; and discover captivating art destinations across Japan!","2025-07-22","TravelSpots"
"atm-foreign-cards.md","Which ATMs in Japan Accept Foreign Cards?","A local explains where to withdraw cash with overseas bank cards.","2026-12-29","TravelSpots🗼"
"autumn-foliage-timing.md","Around what date does the autumn foliage start?'","Experience Japan's breathtaking autumn foliage with our guide! Discover when and where to see vibrant colors across the country. Plan your visit!","2025-07-21","Events"; "TravelSpots"
"avoid-golden-week.md","Should I Visit Japan During Golden Week?","A local explains why Golden Week is the worst time to visit Japan.","2026-12-27","TravelSpots🗼"
"best-apps-japan-travel.md","What Apps Should I Download Before Visiting Japan?","A local's list of essential apps for Japan travel. Only the ones you actually need - no bloated list!","2026-03-01","Others🗾"
"best-aquarium-tokyo-kids.md","Best Aquarium in Tokyo for Kids","A local recommends the best aquariums for families with children.","2026-12-10","TravelSpots🗼"
"best-coffee-shops-tokyo.md","Need Coffee Recommendations in Tokyo for Fresh; Quality Brews","A local's guide to Tokyo's best coffee shops. From traditional kissaten to trendy third-wave cafes; discover where to find the perfect cup.","2025-08-12","Restaurant🍣"
"best-fugu-restaurants-tokyo.md","Recommend a safe and top-rated fugu restaurant in Tokyo; please.","Looking for the best fugu in Tokyo? Discover safe; top-rated pufferfish restaurants in Ginza; including Fukuji; Soukawa; Naruto; and Genpin Fugu!","2025-03-20","Restaurant"
"best-hotel-areas-tokyo-not-shinjuku.md","Is Shinjuku or Shibuya the Best Area to Stay in Tokyo?","Shinjuku & Shibuya are popular but not ideal for staying. Most tourist spots are in eastern Tokyo. Find better hotel areas in Asakusa; Ginza; or Tokyo Station!","2025-03-20","Hotel"
"best-japanese-cakes-tokyo-guide.md","Best Japanese cakes or pastries to try?","Discover Tokyo’s best cakes! From classic shortcakes at Fujiya to luxury pastries at crèam fraise génoise; here’s your full dessert guide.","2025-03-21","Restaurant"; "Souvenirs"
"best-japanese-cheesecake-tokyo.md","Where to find the best Japanese cheesecake in Tokyo?","Looking for the best Japanese cheesecake in Tokyo? Try Mr. Cheesecake at pop-up events; LeTAO’s Double Fromage; or a classic Japanese strawberry shortcake. These desserts are light; creamy; and a must-try in Tokyo!","2025-02-14","Restaurant"
"best-ramen-at-tokyostation.md","Which ramen shop at Tokyo Station's Ramen Street is the best?","","2025-02-05","Restaurant"
"best-ramen-tokyo-station.md","Best Ramen restaurant in Tokyo Station; suggestions needed!","Discover the best ramen in Tokyo Station! Visit Ramen Street for unique styles like shoyu and tsukemen at SORANOIRO and ROKURINSHA.","2025-07-25","Restaurant"
"best-restaurants-japan.md","I Am Looking for the Best Restaurants in Japan","A local's honest guide to finding great restaurants in Japan. From budget eats to high-end dining; with specific recommendations by cuisine type.","2025-08-12","Restaurant🍣"
"best-rooftop-bars-tokyo.md","Looking for a rooftop bar with good cocktails and drinks🍹","Looking for the best rooftop bars in Tokyo? Enjoy stunning city views & great cocktails at The Gate Hotel Asakusa; Bvlgari Bar; The Roof Shibuya Sky & more!","2025-03-21","Restaurant"
"best-sake-gift-japan.md","What's a good sake to bring home as a gift?","Bringing sake home? Try Dassai; Hakkaisan; or Juyondai—top-quality choices! Visit a Sake Genka Bar to sample before buying. For a fun twist; don’t miss sake-flavored ice cream!","2025-02-14","Souvenirs"
"best-sake-gifts-japan.md","What's a good sake to bring home as a gift?","Discover top sake options like Dassai and Hakkaisan. Explore tasting experiences and alternative Japanese beverages for a unique experience!","2025-07-21","Souvenirs"
"best-sake-souvenir.md","Best Sake to Bring Home as a Gift","A local recommends the top 3 Japanese sake brands for souvenirs.","2026-12-24","Souvenirs🎁"
"best-season-visit-japan.md","What Is the Best Season to Visit Japan?","A local breaks down each season. Pros; cons; and what to expect all year.","2026-06-06","Tips💡"
"best-shinkansen-experience-japan.md","Which bullet train provides the best experience solely for the train itself?","Which bullet train offers the best experience in Japan? From luxury Gran Class to traditional interiors; here are 6 Shinkansen worth riding for the train itself.","2025-03-21","Others"; "Transportation"
"best-tempura-ramen-yakiniku-tokyo.md","Recommend a place in Tokyo for delicious tempura; ramen; and yakiniku.","Discover the best tempura; ramen; and yakiniku in Tokyo! From budget-friendly spots to premium dining; find the perfect place for your taste and budget.","2025-03-20","Restaurant"
"best-transport-kyoto-2-days.md","Best transportation mode in Kyoto to see famous sites in 2 days?","Discover the best transport options in Kyoto; from taxis to buses and bikes. Find the most efficient way to explore Kyoto in just two days!","2025-03-20","Transportation"
"best-yen-exchange-rate.md","Where to Get the Best Yen Exchange Rate in Japan?","A local explains money exchange options. ATMs; banks; and exchange shops compared.","2026-05-25","Tips💡"
"bestplace4newyear.md","What is the best place in Japan to spend New Year's Eve?","","2025-02-13","Events"
"booking-restaurant-japan.md","How Do I Make Restaurant Reservations in Japan?","A local explains booking restaurants. Apps; phone calls; and getting help.","2026-09-01","Restaurant🍣"
"bowing-etiquette-japan.md","How Do I Bow in Japan? Bowing Etiquette Guide","A local explains bowing culture. When to bow and how deep.","2026-11-09","Tips💡"
"bugs-mosquitoes-tokyo-summer.md","Are There Mosquitoes and Bugs in Tokyo in Summer?","A local's honest answer about insects in Japan. What to expect in August and why you shouldn't worry too much.","2026-03-07","Others🗾"
"buy-english-books-japan.md","Where can I buy English books?","Explore Tokyo's best spots for English books in Shinjuku and Nihonbashi. From vibrant manga selections to diverse literature; find your next read!","2025-07-22","Souvenirs"
"buy-hatori-hanzo-shears-tokyo-2.md","I'm a hairstylist and where can I buy Hatori Hanzo Japanese Steel sheers in Tokyo?","Looking to buy real Hatori Hanzo shears in Tokyo without a Member ID? The Mizutani showroom lets you walk in and shop like a pro — no hassle; no reservation needed.","2025-07-25","Souvenirs"
"buy-hatori-hanzo-shears-tokyo.md","I'm a hairstylist and where can I buy Hatori Hanzo Japanese Steel sheers in Tokyo?","Looking to buy real Hatori Hanzo shears in Tokyo without a Member ID? The Mizutani showroom lets you walk in and shop like a pro — no hassle; no reservation needed.","2025-07-25","Souvenirs"
"buy-japanese-sword-bring-home.md","Where to buy a Katana sword? fro","Want to bring home a katana from Japan? Learn the legal steps; shop recommendations; and airline rules for real and replica Japanese swords.","2025-03-21","Souvenirs"
"buy-luggage-tokyo.md","Can You Recommend a Good Store to Buy Reasonable Luggage in Tokyo?","Joe Tanaka answers: Can You Recommend a Good Store to Buy Reasonable Luggage in Tokyo?","2025-08-12","Souvenirs👘"
"buy-milo-tokyo.md","Where to find Milo and Western grocery stores in Tokyo?","Discover where to find Milo and Western grocery stores in Tokyo! From supermarkets to specialty shops; explore the best spots for imported goods.","2025-07-25","Souvenirs"
"buy-winter-clothes-japan.md","Should I Buy Winter Clothes in Japan?","A local recommends where to buy winter wear and cold weather gear.","2026-12-05","Souvenirs🎁"
"buying-grills-tokyo-2.md","Hi. I am looking forward to buy this grill. Where can i buy it in Tokyo? TIA","Discover solutions to the \"Unexpected end of JSON input\" error and learn how to debug your code effectively. Fix this issue now!","2025-07-22","Souvenirs"
"buying-grills-tokyo.md","Hi. I am looking forward to buy this grill. Where can i buy it in Tokyo? TIA","Discover the best places to shop for grills in Tokyo; including Kappabashi's diverse options tailored to every cook's needs and budget!","2025-02-22","Souvenirs"
"capsule-hotel-kids-family.md","Can Kids Stay at Capsule Hotels in Japan?","A local explains capsule hotel rules. Why they're not for families and what to do instead.","2026-04-18","Hotel🏨"
"capsule-toy-gacha-guide.md","What Are Capsule Toys? Guide to Gachapon Machines","A local explains Japan's capsule toy culture. Where to find them and what to collect.","2026-08-26","Souvenirs🎁"
"charging-points-japan.md","Are there charging points in cafes and trains; etc? any tips?","Charging spots are limited in Japan. Shinkansen and some taxis have charging ports; but most cafes don’t—except Tully’s Coffee. If you need a plug; buy Anker’s charger at Seven-Eleven. A portable battery is a must for travel.","2025-02-18","Others"
"cheap-lv-bags-tokyo.md","Where to Find Cheap LV Bags in Tokyo?","A local's honest guide to finding authentic Louis Vuitton bags at lower prices in Tokyo. Learn about the best secondhand luxury shops and how to spot good deals.","2025-08-12","Souvenirs👘"
"cheap-pokemon-cards.md","Where to buy cheap Pokemon cards in Tokyo or Osaka?","Discover where to buy cheap Pokémon cards in Tokyo’s Akihabara and Osaka’s Nipponbashi districts. Find tips; stores; and deals!","2025-07-30","Souvenirs"
"cherry-blossom-forecast.md","When Do Cherry Blossoms Bloom in Japan?","A local explains sakura season. How to check forecasts and best viewing spots.","2026-09-13","Events🎌"
"christmas-in-japan.md","Best place to spend Christmas in Tokyo; Kyoto; Osaka; Hiroshima; or Fuji?","Experience the magic of Christmas in Japan with dazzling lights; unique traditions; and romantic celebrations in Tokyo; Osaka; and Kyoto!","2025-07-21","Events"
"christmas-japan.md","How Do Japanese People Celebrate Christmas?","A local explains Japan's unique Christmas traditions including KFC chicken.","2026-12-23","TravelSpots🗼"
"christmas-osaka-kyoto.md","Where would you prefer to spend Christmas; Osaka or Kyoto; with young kids?","Experience the charm of Christmas in Kyoto or the excitement of Osaka with young kids. Discover festive lights; family activities; and more!","2025-07-25","Events"
"climbing-mount-fuji.md","Have you hiked Mount Fuji? Season started from July 1st every year?","Experience the thrill of hiking Mount Fuji! Discover tips on climbing seasons; trails; and essential gear for beginners and seasoned hikers.","2025-07-25","Daytrip"
"coin-locker-size-guide.md","How Big Are Train Station Coin Lockers?","A local explains coin locker sizes and whether your suitcase will fit.","2026-12-16","Transportation🚃"
"coming-soon.md","Is expensive sushi dinner worth it compared to normal sushi place?","Experiencing both high-end and budget sushi in Japan is a must for sushi lovers. Luxury sushi offers premium ingredients like uni and otoro; while conveyor belt chains like Sushiro provide fun and affordability. Trying both is the best way to enjoy the full spectrum of sushi culture.","2025-02-11","Restaurant"
"communicating-in-japan.md","Is it difficult to communicate with locals in Japan for first-timers?","Discover how to navigate the language barrier in Japan with helpful tips on communication; smartphone apps; and local assistance for an easy trip.","2025-07-25","Others"
"convenience-store-japan-food-snacks.md","Must-try food and drink items from convenience stores – and great picks to bring back for friends?","Discover must-try foods and souvenirs from Japan’s convenience stores—onigiri; Famichiki; Pocky; and more. Tasty; cheap; and perfect for gifts!","2025-03-25","Souvenirs"
"credit-cards-japan.md","What credit card brands are used in Japan?","Mastercard and Visa are widely accepted in Japan; while JCB; American Express; and Diners Club are less common. Carry cash too!","2025-07-30","Money"
"day-trip-from-tokyo-guide.md","What Are the Best Day Trips from Tokyo?","A local recommends easy day trips. Mountains; beaches; temples; and more.","2026-06-21","TravelSpots🗼"
"department-store-food-basement.md","What Is Depachika? Department Store Food Basements","A local's guide to Japan's amazing food halls. What to buy and how to explore.","2026-07-06","Restaurant🍣"
"disneyland-disneysea-choice.md","I can't decide between Disney Land and Disney Sea; which one is better?","Deciding between Tokyo Disneyland and DisneySea? Discover which park suits your family and tastes best; from classic magic to unique adventure.","2025-07-30","ThemeParks"
"disneyland-disneysea-one-day.md","Can I Visit Both Disneyland and DisneySea in One Day?","A local explains whether you can do both parks and gives honest advice.","2026-12-14","ThemePark🎢"
"disneysea-best-time.md","The best time to go to DisneySea is during a less crowded month.","Discover the best time to visit DisneySea to avoid crowds: weekdays with rainy forecasts offer shorter lines and a magical; less busy experience.","2025-07-25","ThemeParks"
"donki-don-quijote-guide.md","What Is Don Quijote? Guide to Japan's Craziest Store","A local explains Donki. What to buy and how to navigate the chaos.","2026-10-28","Souvenirs🎁"
"driving-license-japan.md","Do I Need an International Driver's License in Japan?","A local explains everything about renting and driving a car in Japan.","2026-12-26","Transportation🚃"
"earthquake-safety-japan.md","What Should I Do If There's an Earthquake in Japan?","A local explains earthquake safety. What to expect and how to stay safe.","2026-08-02","Tips💡"
"espresso-coffee-japan.md","Is It Hard to Find Good Espresso Coffee in Japan?","A local's guide to coffee culture in Japan. Kissaten vs modern cafes and where to find good espresso.","2026-02-22","Restaurant🍣"
"evening-activities-no-drinking.md","What to Do at Night Without Drinking","A local shares unique evening activities that don't involve alcohol or arcades.","2026-12-18","TravelSpots🗼"
"expensive-vs-budget-sushi-japan.md","Is expensive sushi dinner worth it compared to normal sushi place?","Wondering if high-end sushi is worth the price? Try luxury sushi; casual conveyor sushi; and mid-range gourmet spots like Nemuro Hanamaru 🍣","2025-03-21","Restaurant"
"expensive-vs-cheap-sushi.md","Is Expensive Sushi Worth It?","A local compares high-end sushi restaurants with conveyor belt sushi.","2026-12-03","Restaurant🍣"
"family-activities-teamlab-tokyo.md","Looking for family-friendly activities near Teamlab;Toyosu on Friday.","Visiting TeamLab Tokyo with kids on a Friday? Check out family-friendly spots like Ariake Garden and Lalaport Toyosu nearby!","2025-03-21","TravelSpots"
"favorite-cities-japan.md","What Are the Best Cities to Visit in Japan?","A local's top 19 favorite cities across Japan. From east to west; north to south.","2026-04-08","TravelSpots🗼"
"find-taxi-tokyo.md","How to Find Taxis in Tokyo Without an App","A local explains that taxi apps aren't necessary in Tokyo.","2027-01-04","Transportation🚃"
"fork-instead-chopsticks.md","Can I Ask for a Fork Instead of Chopsticks?","A local explains that forks and spoons are available at most restaurants.","2026-12-12","Restaurant🍣"
"free-hotel-amenities-japan.md","What Are the Usual Free Hotel Amenities and Can I Keep Them?","A local's guide to Japanese hotel amenities. What's free; what you can take home; and how Japanese hotels compare to others worldwide.","2025-08-12","Others🗾"
"fresh-yuzu-tokyo-yuzu-bath.md","Looking for fresh yuzu fruit in Tokyo; any sightings or alternatives?","Looking for fresh yuzu in Tokyo? Visit LIFE Asakusa or OK Store Ginza; or try a traditional Japanese yuzu bath for a unique experience!","2025-03-20","Souvenirs"
"fresh-yuzu-tokyo.md","Where Can I Buy Fresh Yuzu in Tokyo?","A local's guide to finding yuzu fruit in Tokyo. Supermarkets; seasons; and the yuzu bath tradition.","2026-03-02","Souvenirs🎁"
"fugu-restaurant-tokyo-safe.md","Safe and Delicious Fugu Restaurants in Tokyo","A local's guide to eating pufferfish safely. Famous restaurants and why you shouldn't worry.","2026-03-05","Restaurant🍣"
"fugu-restaurant-tokyo.md","Is Fugu Safe to Eat in Tokyo?","A local explains fugu (pufferfish) safety and recommends top restaurants in Ginza.","2026-12-01","Restaurant🍣"
"fushimi-inari-november-best-time.md","When Is the Best Time to Visit Fushimi Inari Gates in November?","A local's detailed guide to visiting Fushimi Inari Taisha in November. Beat the crowds; catch autumn colors; and get those perfect photos of the torii gates.","2025-08-12","TravelSpots🗼"
"gacha-machines-tokyo.md","Where Are the Best Gacha Machine Spots in Tokyo?","A local's guide to gashapon. Buildings with thousands of machines and where to find rare capsule toys.","2026-03-22","Souvenirs🎁"
"get-suica-card-tokyo-2025.md","I couldn't purchase Suica card around Tokyo. Where can I find it?","Can’t find a Suica card in Tokyo? Here’s the easiest way to get Suica in 2025 — including the new Welcome Suica Mobile and tourist-friendly tips.","2025-03-21","Transportation"
"ginza-narita-lockers.md","Fastest way from Ginza to Narita san? Take train express to Narita airport first; then to Narita san. Luggage locker at Narita airport?","Travel quickly from Ginza to Narita-san by taking a direct train from Higashi-Ginza to Narita Station. Lockers available.","2025-07-30","TravelSpots"
"golden-week-travel-tips.md","Should I Visit Japan During Golden Week?","A local explains Golden Week. What to expect and how to survive.","2026-11-18","Events🎌"
"goodexpresso-japan.md","How hard is it to find good espresso coffee in Tokyo; Kyoto; Nara; and Kobe?","Finding good espresso in Tokyo; Kyoto; Nara; and Kobe is easy; but quality varies by city. Explore top coffee shops and learn about Japan’s unique café culture.","2025-03-05","Restaurant"
"goshuin-temple-stamp-guide.md","What Is Goshuin? Temple and Shrine Stamp Collecting","A local explains goshuin culture. How to collect these beautiful calligraphy stamps.","2026-07-03","TravelSpots🗼"
"group-dinner-tokyo-12-people.md","Seeking Dinner Suggestion for 12 People in Tokyo","A local's guide to booking group dinners in Tokyo. Restaurant recommendations; booking tips; and how to handle large party logistics.","2025-08-12","Restaurant🍣"
"gudetama-cafes-shops-tokyo.md","Where in Tokyo Can I Find Gudetama-themed Cafes and Shops?","A local's guide to finding Gudetama merchandise and experiences in Tokyo. Best shops; Sanrio Puroland tips; and where to find the lazy egg around the city.","2025-08-12","Souvenirs👘"
"gunma-onsen-guide.md","Hi wondering if gunma is worth a visit for 1 day/night ?","Discover Gunma’s top onsen spots like Kusatsu and Ikaho; perfect for day trips or overnight stays to unwind in authentic hot springs.","2025-07-30","Daytrip"
"gyudon-beef-bowl-guide.md","What Is Gyudon? Guide to Japanese Beef Bowl Chains","A local explains gyudon culture. Cheap; fast; and delicious comfort food.","2026-09-04","Restaurant🍣"
"halloween-tokyo-events.md","What Happens in Tokyo During Halloween?","A local explains Halloween in Japan. The best spots; events; and what to expect.","2026-04-22","Events🎌"
"haneda-airport-souvenirs-quality.md","Are Haneda airport souvenirs/snacks better in quality and price than outside shops?","Discover the convenience of shopping for authentic souvenirs at Haneda Airport. Enjoy quality local snacks with peace of mind!","2025-03-20","Souvenirs"
"haneda-airport-taxi-to-tokyo-inn.md","Is it easy to find a taxi from Haneda airport to Tokyo Inn Hotel in the evening?","Landing at Haneda Airport in the evening? No worries — finding a taxi to Tokyo Inn Hotel is easy; safe; and clearly marked for all travelers.","2025-03-23","Transportation"
"haneda-vs-narita-airport.md","Pros and Cons of Haneda vs Narita Airport: Which Should You Choose?","A local's honest comparison of Tokyo's two major airports with practical tips on transportation; costs; and which one to choose for your trip.","2025-08-13","Transportation🚃"
"harajuku-shibuya-hours.md","When do stores in Harajuku and Shibuya typically open?","Discover the best store opening times in Harajuku and Shibuya. Cafes open at 8 AM; shops start at 10 or 11 AM. Enjoy your visit!","2025-07-25","Others"
"harry-potter-tokyo-tickets.md","How to Book Harry Potter Studio Tour Tokyo","A local explains how to get tickets. Booking tips and what to expect.","2026-05-13","TravelSpots🗼"
"harry-potter-tour.md","Can I arrive early to eat or shop before the tour at The Making of Harry Potter?","Discover the magic at The Making of Harry Potter! Arrive early to enjoy themed snacks; shop exclusive merchandise; and immerse yourself in wizarding world wonders.","2025-07-25","TravelSpots"
"hidden-hiking-tokyo.md","Looking for hidden gems or hiking spots near Tokyo; any suggestions?","Discover hidden hiking gems near Tokyo like Nokogiriyama; Takao-san; Chichibu; Kiyosato Kogen; and Kamikawachi for peaceful nature escapes without the crowds. Explore scenic trails; cultural sites; and local flavors loved by Japanese hikers.","2025-07-30","Daytrip"
"holidays-store-hours.md","Is it busy or closed during the last week of Dec and 1st week of Jan?","Discover holiday hours for businesses and travel tips during the festive season. Plan ahead to ensure a smooth shopping and travel experience.","2025-07-22","Events"
"how-do-i-pay-for-online-bookings-in-japan-as-a-cash-society.md","How do I pay for online bookings in Japan as a cash society?","Japan is still a cash-based society; but online bookings use credit cards. Learn when to use cash; cards; and IC cards during your trip.","2025-03-23","Money"
"how-to-book-japan-trip.md","How to Book Everything for Our Japan Trip and What's Necessary?","A local's guide to booking your Japan trip. What you must reserve in advance; what you can wing; and the perfect timeline for planning.","2025-08-12","Others🗾"
"ichiran-kids-portions.md","Does Ichiran Have Kids Portions?","A local explains Ichiran's children's menu and free kids ramen policy.","2026-12-06","Restaurant🍣"
"ichiran-kids-ramen-portions.md","Does Ichiran offer children's portions for my picky eaters?","Ichiran offers a kid-friendly ramen experience with half-sized portions for picky eaters; free meals for kids; and customizable flavors.","2025-07-25","Restaurant"
"im-looking-for-a-resort-pool-in-tokyo-to-go-swimming-in-july-not-an-onsen.md","I'm looking for a resort pool in Tokyo to go swimming in July; not an onsen.","Looking for a resort-style pool in Tokyo this July? Try Tokyo Summerland; Yomiuriland Pool WAI; or Keio Plaza Hotel’s rooftop pool.","2025-03-23","Hotel"
"insects-tokyo-august.md","Are There Bugs and Mosquitoes in Tokyo?","A local explains why you don't need to worry about insects.","2027-01-05","TravelSpots🗼"
"international-driving-permit-japan.md","Do I Need an International Driving Permit to Rent a Car in Japan?","A local's guide to driving in Japan. What you need to rent a car; important rules; and why you should skip driving in Kyoto.","2026-03-13","Transportation🚃"
"izakaya-alcohol-smoking-guide.md","Are Alcohol and Smoking Expected in Izakayas?","A local's honest guide to izakaya culture in Japan. What to expect with drinking; smoking; and whether non-drinkers can still enjoy the experience.","2025-08-12","Restaurant🍣"
"izakaya-guide-beginners.md","Japanese Izakaya Guide: Everything You Need to Know Before Your First Visit","Izakaya are Japan's beloved pubs where locals gather to eat; drink; and socialize. Here's your complete guide to enjoying an authentic izakaya experience!","2026-01-31","Restaurant"
"japan-drinking-age-laws.md","What's the Drinking Age in Japan?","A local explains alcohol laws. Where to drink and what to know.","2026-09-19","Tips💡"
"japan-forks-spoons.md","Can You Request a Spoon and Fork Instead of Chopsticks in Japan?","Most restaurants in Japan provide forks and spoons if you ask. Sushi can be eaten by hand; and convenience stores sell disposable cutlery. Just ask politely; and you’ll be fine!","2025-07-14","Restaurant"
"japan-golden-week-avoid.md","Should You Visit Japan During Golden Week? Here's My Honest Answer","Golden Week is Japan's biggest holiday; but should tourists visit during this time? As a local; I'll give you my honest advice about why you might want to avoid it.","2026-01-30","Events"
"japan-golden-week-travel.md","Is it advisable to visit Japan during Golden Week due to higher costs and crowds?","Golden Week (April 29 – May 5) is one of Japan’s busiest travel periods; with high costs; packed transport; and crowded attractions. If possible; visit at a quieter time to enjoy Japan stress-free!","2025-02-14","Events"
"japan-international-driving-permit.md","Do I need an international driver's license to rent a car?","you need an International Driving Permit (IDP) to rent a car in Japan. Avoid driving in big cities like Kyoto; but renting a car is great for exploring Japan’s countryside and hidden gems!","2025-02-14","Transportation"
"japan-layover-guide.md","What Can I Do with a Layover in Japan?","A local's guide to short visits. Make the most of a few hours in Tokyo.","2026-09-28","Tips💡"
"japan-local-experiences.md","What is your favorite city in Japan and why?","Discover Japan beyond tourist spots with insights into Kyoto’s daily life; hidden Tokyo gems; Okinawa’s local vibes; and serene nature escapes.","2025-07-25","TravelSpots"
"japan-new-year-store-hours.md","Are stores open during the year-end and New Year holidays?","Visiting Japan over New Year? Most stores in Tokyo & big cities stay open; but rural areas may close Jan 1–3. Here’s what to expect & plan for.","2025-03-24","Others"; "Events"
"japan-onsen-jewelry-rules.md","Can you wear jewelry in a public onsen?","No; jewelry should be removed before entering a Japanese onsen. Minerals in the water can cause rust or damage. Lockers are safe and provided.","2025-03-24","Others"
"japan-plug-socket-voltage.md","Do I Need a Power Adapter for Japan?","A local explains plugs and voltage. What works and what to bring.","2026-06-30","Tips💡"
"japan-sim-card-internet-guide.md","What Is the Best Way to Have Unlimited Internet in Japan?","A local's complete guide to staying connected in Japan. SIM cards vs pocket WiFi vs eSIM - which option is best for your trip?","2025-08-12","Others🗾"
"japan-tap-water-safe-or-bottled.md","Is the water in Japan safe to drink or should we buy bottled water?","Japan’s tap water is safe; clean; and tasty. No need for bottled water unless you prefer it. Discover the best local water in Kumamoto and Toyama!","2025-03-23","Others"
"japan-train-system-beginners.md","How Hard Is the Train System in Japan? Tips for First-Time Visitors","A local's honest guide to navigating Japan's trains. It's easier than you think once you know these tips!","2025-08-12","Transportation🚃"
"japan-travel-clothes.md","Do people in Japan not wear shorts? What should I pack?","Discover what to pack for Japan: blend comfort with local style by choosing breathable long pants and light tops over shorts.","2025-07-30","Clothes"
"japan-travel-recommendations.md","Suggest One Thing to Do; See; Eat; or Stay in These Places","Joe Tanaka answers: Suggest One Thing to Do; See; Eat; or Stay in These Places","2025-08-12","TravelSpots🗼"
"japan-weather-apps-rain-radar.md","Looking for a better weather app for Japan; preferably for iOS or a website.","In Japan; sudden summer showers are common. Use Yahoo! Japan’s rain radar and other local apps for accurate forecasts. Stay dry while traveling!","2025-03-24","Others"
"japanese-bath-house-sento.md","What Is a Sento? Guide to Japanese Public Bath Houses","A local explains sento culture. Different from onsen; and how to use them.","2026-07-18","TravelSpots🗼"
"japanese-beer-guide.md","What Beer Should I Try in Japan?","A local's guide to Japanese beer. Brands; styles; and where to drink.","2026-11-12","Restaurant🍣"
"japanese-breakfast-ryokan.md","What Is Traditional Japanese Breakfast Like?","A local explains Japanese breakfast. What to expect at ryokans and hotels.","2026-10-19","Restaurant🍣"
"japanese-cheesecake-tokyo.md","Where to Find the Best Japanese Cheesecake","A local recommends the best cheesecake spots in Tokyo.","2026-12-11","Restaurant🍣"
"japanese-coffee-culture.md","Is Coffee Good in Japan? Guide to Japanese Coffee Culture","A local explains Japan's unique coffee scene. From kissaten to third wave cafes.","2026-07-30","Restaurant🍣"
"japanese-convenience-store-atm.md","How to Use Convenience Store ATMs in Japan","A local explains ATM withdrawals. Which stores work and tips for tourists.","2026-11-30","Tips💡"
"japanese-curry-rice-guide.md","What Is Japanese Curry? A Guide to Curry Rice","A local explains Japanese curry culture. Different from Indian curry and where to try it.","2026-08-14","Restaurant🍣"
"japanese-drugstore-guide.md","What Can I Buy at Japanese Drugstores?","A local's guide to Japanese drugstores. Best products and shopping tips.","2026-11-06","Souvenirs🎁"
"japanese-festivals-matsuri.md","What Are Japanese Festivals Like? Guide to Matsuri","A local explains matsuri culture. When to go; what to expect; and festival food.","2026-08-20","Events🎌"
"japanese-gift-giving-guide.md","How Does Gift Giving Work in Japan?","A local explains omiyage and gift culture. What to bring and when.","2026-10-04","Tips💡"
"japanese-hospital-english.md","What If I Get Sick in Japan? Hospital and Pharmacy Guide","A local explains healthcare for tourists. Where to go and what to expect.","2026-07-09","Tips💡"
"japanese-izakaya-guide.md","How to Order at a Japanese Izakaya","A local explains izakaya culture. What to order; how to order; and drinking tips.","2026-06-12","Restaurant🍣"
"japanese-karaoke-guide.md","How Does Karaoke Work in Japan?","A local explains Japanese karaoke. Private rooms; ordering; and having fun.","2026-09-07","TravelSpots🗼"
"japanese-kimono-bags.md","Where to buy cute Japanese kimono bags to bring home as souvenirs?","Discover cute and affordable Japanese kimono bags in Asakusa and Kyoto. Explore local shops for unique souvenirs that capture tradition!","2025-07-25","Souvenirs"
"japanese-konbini-food-guide.md","Japanese Convenience Store Food: A Local's Guide to Konbini Cuisine","Japan's convenience stores (konbini) offer surprisingly delicious food. Here's what to try at 7-Eleven; Lawson; and FamilyMart - from onigiri to fried chicken!","2026-01-31","Restaurant"
"japanese-speech-etiquette.md","Is speaking basic Japanese appreciated or rude?","Discover the importance of speaking Japanese while traveling. Learn simple phrases; embrace local culture; and build friendships. Engage respectfully!","2025-07-21","Others"
"japanese-stationery-guide.md","Why Is Japanese Stationery So Good?","A local explains Japan's stationery obsession. Best brands and where to shop.","2026-09-25","Souvenirs🎁"
"japanese-streetfood-tips.md","How was ordering street food for non-Japanese speakers?","Discover tips for ordering street food in Japan as a non-Japanese speaker. Learn simple phrases; smart apps; and cultural insights to enjoy local delights stress-free!","2025-07-25","Restaurant"
"japanese-supermarket-guide.md","What Can I Find at a Japanese Supermarket?","A local's guide to Japanese supermarkets. What to buy and how they work.","2026-08-17","Restaurant🍣"
"japanese-toilets-guide.md","How Do Japanese Toilets Work?","A local explains Japan's famous toilets. Buttons; bidets; and everything you need to know.","2026-08-29","Tips💡"
"japanese-vending-machines.md","Why Are There So Many Vending Machines in Japan?","A local explains vending machine culture. What you can find and how to use them.","2026-06-24","Tips💡"
"japanese-whisky-guide.md","How to Try Japanese Whisky","A local's guide to Japanese whisky. What to try and where to buy.","2026-11-21","Restaurant🍣"
"jr-green-pass-worth-it.md","Is the Green Pass on the JR Worth the Extra $120 USD?","A local's honest review of JR's Green Car (first class). Is the upgrade worth it; or should you save your money for better things?","2025-08-12","Transportation🚃"
"jr-pass-suica.md","Why do I need both a JR pass and SUICA card?","Combine a JR Pass for intercity trains and a SUICA card for local subways; buses; and stores to travel Japan smoothly without ticket hassles.","2025-07-25","Transportation"
"kabukicho-tower-age-restrictions.md","Can 8-Year-Olds Enter Shinjuku Tokyu Kabukicho Tower?","Joe Tanaka answers: Can 8-Year-Olds Enter Shinjuku Tokyu Kabukicho Tower?","2025-08-12","TravelSpots🗼"
"kaiseki-dining-guide.md","Seeking kaiseki recommendations or meals served in multiple mini bowls. Thanks!","Discover the art of kaiseki dining in Japan! Explore casual spots like Zojirushi Shokudo and the high-end experience at RyuGin. Enjoy multiple mini dishes that reflect seasonal flavors and meticulous presentation!","2025-07-25","Restaurant"
"kaiseki-tokyo-restaurants.md","Where to Try Kaiseki in Tokyo?","A local's guide to kaiseki restaurants. From luxury to affordable options.","2026-05-16","Restaurant🍣"
"kamakura-kawagoe-trip.md","Kamakura or Kawagoe for day trip from Asakusa and why? Thanks!","Choose Kamakura for a nature-filled day by the sea or Kawagoe for a compact; cultural trip from Asakusa. Both offer unique charms.","2025-07-25","TravelSpots"
"kamakura-vs-kawagoe-day-trip.md","Kamakura or Kawagoe: Which Day Trip Is Better?","A local's comparison of two popular day trips from Tokyo. Sea and temples vs traditional streets.","2026-03-25","TravelSpots🗼"
"kamakura-vs-kawagoe.md","Kamakura or Kawagoe for a Day Trip?","A local compares these two popular day trip destinations from Tokyo.","2027-01-07","TravelSpots🗼"
"kanazawa-or-takayama.md","Kanazawa or Takayama After Shirakawago?","A local explains which city is better for 1 night vs longer stays.","2026-12-20","TravelSpots🗼"
"kanazawa-vs-takayama-shirakawago.md","Kanazawa or Takayama After Shirakawa-go? Which Is Better?","A local's comparison for your 1-night stay. Quick guide to help you decide.","2026-03-12","TravelSpots🗼"
"kanazawa-worth-visiting.md","Is Kanazawa Worth Visiting? Should I Skip It?","A local's honest opinion on Kanazawa. Why I love this city and who should visit.","2026-02-12","TravelSpots🗼"
"katana-sword-buy-tokyo.md","Where Can I Buy a Katana Sword in Tokyo?","A local's guide to buying Japanese swords. Legal considerations and where to shop.","2026-03-10","Souvenirs🎁"
"kids-capsule-hotels.md","Are kids allowed in capsule hotels? Specifically for a mom and son.","Discover if kids can stay in capsule hotels in Japan! Explore family-friendly alternatives and tips for moms traveling with children.","2025-07-25","Others"
"kissaten-coffee-guide.md","Where to Find Good Coffee in Japan","A local explains kissaten culture and recommends Tokyo's best coffee shops.","2026-12-09","Restaurant🍣"
"koi-fish-tokyo-canals.md","Where can we see koi fish in Tokyo's drainage canals?","Discover the best spots to see koi fish in Tokyo! From Asakusa Shrine to hidden canals; explore these vibrant habitats for a unique experience.","2025-07-22","Others"
"koi-fish-tokyo.md","Where Can I See Koi Fish in Tokyo?","A local's guide to finding beautiful koi fish in Tokyo and beyond. Gardens; shrines; and the best spots for koi lovers.","2026-02-21","TravelSpots🗼"
"koifish-tokyo.md","Where can we watch koi fishes in Tokyo?","Discover where to watch colorful koi fish in Tokyo; including free spots like Asakusa Shrine and peaceful gardens with small entry fees.","2025-07-25","TravelSpots"
"konbini-food-guide.md","Is Convenience Store Food in Japan Really Good?","A local explains why konbini food is amazing. What to try and tips for eating cheap.","2026-05-19","Restaurant🍣"
"kuramae-nui-hostel.md","Is Nui Hostel in Kuramae a Good Place to Stay?","A local explains why Kuramae is a wonderful area near Asakusa.","2027-01-03","TravelSpots🗼"
"kyoto-how-many-days.md","How Many Days Do I Need in Kyoto?","A local who lived in Kyoto explains how long you should stay.","2026-12-04","TravelSpots🗼"
"kyoto-in-october.md","Best places to recommend in Kyoto in October.","Explore Kyoto like a local this October with a one-day tour featuring hidden gems; seasonal eats; and serene autumn experiences.","2025-07-25","Daytrip"
"kyoto-station-shopping-food.md","We just arrived Kyoto; stay near Kyoto tower. Any good shopping and food around here?","Discover Kyoto's culinary gems near Kyoto Tower! Savor matcha parfaits; delicious ramen; and yakiniku; then shop local treasures nearby.","2025-07-22","Restaurant"
"kyoto-transport-guide.md","Recommendations for transportation options; including hop on/off bus and private driver.","Explore Kyoto's best transport options! From private taxis for ease to local buses for budget-friendly travel; discover which suits you best.","2025-07-25","Transportation"
"kyoto-transportation-guide.md","Best Way to Get Around Kyoto","A local explains why taxis and bicycles are better than buses in Kyoto.","2026-12-07","Transportation🚃"
"kyoto-transportation-options.md","Best transportation mode in Kyoto to see famous sites in 2 days?","Discover the best ways to explore Kyoto in two days. From taxis for hassle-free travel to cycling through stunning scenery; maximize your experience!","2025-07-25","Transportation"
"kyoto-visit-duration.md","Is 2 nights in Kyoto too much or is 2 days 1 night enough?","Discover if 2 nights in Kyoto is ideal or 2 days 1 night suffice. Get tips on authentic experiences; relaxed sightseeing; and local stays.","2025-07-25","Daytrip"
"language-barrier-japan.md","Will Language Be a Problem in Japan?","A local explains why you don't need to worry about not speaking Japanese.","2026-12-15","TravelSpots🗼"
"laundry-costs-tokyo.md","Inquiring about laundry charges in Tokyo and concerned about the potential high cost.","Discover the truth about laundry charges in Tokyo! Explore costs; common practices; and tips for using laundromats efficiently.","2025-07-25","Clothes"
"lost-item-train-japan.md","I Lost Something on a Train in Japan! What Do I Do?","A local explains how to find lost items. Japan's amazing lost and found system.","2026-07-15","Transport🚃"
"low-carb-japanese.md","Suggestions for low carb food options in Japan.","Discover low-carb dining in Japan with tips like ordering less rice at sushi spots; enjoying sashimi; grilled dishes; and fresh salad bowls.","2025-07-30","Restaurant"
"luggage-forwarding-japan.md","How Does Luggage Forwarding Work in Japan?","A local explains takuhaibin service. Send your bags ahead and travel light.","2026-06-15","Transport🚃"
"makeup-foundation-blush-mascara-tokyo.md","Recommendations for foundation; blush; and mascara in Tokyo? Pictures helpful.","Looking for makeup in Tokyo but don’t know where to start? Try @cosme TOKYO for top-rated foundation; blush; and mascara picks based on real reviews!","2025-03-21","Souvenirs"
"mario-merchandise-tokyo.md","Where Can I Buy Mario Merchandise in Tokyo?","Looking for Mario merchandise in Tokyo? Visit Nintendo TOKYO in Shibuya for official and exclusive goods from Japan’s most iconic game series!","2025-03-23","Souvenirs"
"matcha-desserts-tokyo.md","Where to Find the Best Matcha Desserts in Tokyo?","A local's guide to matcha cafes. From traditional to Instagram-worthy spots.","2026-07-12","Restaurant🍣"
"meiji-shrine-visit-guide.md","How to Visit Meiji Shrine in Tokyo","A local's guide to Meiji Jingu. What to see; do; and proper etiquette.","2026-09-16","TravelSpots🗼"
"mens-formal-shoes-tokyo.md","Looking for recommendations on where to purchase men's formal shoes in Tokyo.","Discover where to buy quality men’s formal shoes in Tokyo on any budget—from affordable chains to premium boutiques with expert tips included.","2025-07-25","Clothes"
"mount-fuji-views.md","Which side of the Shinkansen is Mount Fuji on?","Get the perfect view of Mount Fuji on the Shinkansen! Learn tips for booking E window seats on the Tokaido line for best experiences.","2025-07-25","Transportation"
"mt-fuji-alternate-views.md","Alternative spots to view Mt. Fuji without visiting the mountain directly.","Explore breathtaking views of Mount Fuji at Lake Kawaguchi and Hakone; with stunning parks and unique photo spots to enjoy your experience!","2025-07-22","TravelSpots"
"mt-fuji-alternative-views.md","Alternative spots to view Mt. Fuji without visiting the mountain directly.","Explore the breathtaking views of Mount Fuji from Lake Kawaguchi; Arakurayama Sengen Park; and Hakone. Discover unique photo spots today!","2025-02-22","TravelSpots"
"mt-fuji-day-hike-guide.md","Have You Hiked Mt. Fuji via Day Hike? How Long from Station 5?","A local's complete guide to day hiking Mt. Fuji. Route options; timing; preparation tips; and what to expect from the 5th Station to the summit.","2025-08-12","TravelSpots🗼"
"nagano-niigata-jr-pass-guide.md","Places to Visit with Nagano/Niigata JR Pass","Joe Tanaka answers: Places to Visit with Nagano/Niigata JR Pass","2025-08-12","TravelSpots🗼"
"nakano-broadway-non-anime-guide.md","Is Nakano Broadway Worth Visiting for Non-Anime Related Shops?","Joe Tanaka answers: Is Nakano Broadway Worth Visiting for Non-Anime Related Shops?","2025-08-12","Souvenirs👘"
"nara-deer-guide.md","How to Visit the Deer in Nara","A local's guide to Nara's famous deer. Safety tips and what to expect.","2026-11-15","TravelSpots🗼"
"new-year-holiday-stores-open.md","Are Stores Open During New Year's Holiday in Japan?","A local's guide to what's open and closed during Japanese New Year. Plan ahead so you're not caught off guard!","2026-02-28","Others🗾"
"new-years-eve.md","What is the best place in Japan to spend New Year's Eve?","Experience a magical New Year’s Eve in Kyoto! Immerse yourself in ancient traditions; indulge in festive foods; and enjoy vibrant celebrations.","2025-07-21","Events"
"nikko-vs-kyoto-worth-visiting.md","Is Nikko worth visiting compared to Kyoto?","Thinking of visiting Nikko instead of Kyoto? Nikko offers waterfalls; onsen; and peaceful mountain views — a perfect nature escape from Tokyo.","2025-03-23","Daytrip"
"nikko-vs-kyoto.md","Nikko vs Kyoto: Which Should I Visit?","A local compares Nikko and Kyoto for temples; nature; and atmosphere.","2026-12-02","TravelSpots🗼"
"nintendo-64-akihabara.md","Where to find a Nintendo 64 in Tokyo? Thanks!","Find Nintendo 64 consoles in Tokyo’s Akihabara! Discover prices; top shops; game options; budget tips; and testing info for retro gaming gear.","2025-07-30","Souvenirs"
"niseko-ski-forecast.md","Best website for Niseko ski forecast and snowfall from 15-20 December 2023?","Discover the best resources for Niseko ski forecasts and snowfall updates from December 15-20; 2023. Access reliable live cams and forecasts!","2025-07-25","TravelSpots"
"no-tipping-japan.md","Do I Need to Tip in Japan?","A local explains Japan's no-tipping culture and what to expect.","2027-01-06","Restaurant🍣"
"november-december-travel.md","Is Late November a Good Time to Visit Japan?","A local explains why winter is actually a great season for tourism.","2026-12-31","TravelSpots🗼"
"nui-hostel-taito-review.md","Is Nui. Hostel & Bar lounge in Taito a good place to stay and is it far from the center?","Discover Nui. Hostel & Bar Lounge in Kuramae; Tokyo! Enjoy cozy amenities; bike rentals; and easy access to Asakusa's sights and Sumida River.","2025-07-25","TravelSpots"
"nui-hostel-taito.md","Is Nui. Hostel & Bar lounge near Asakusa a good place to stay and is it far from the center?","Discover Nui. Hostel’s vibrant atmosphere; prime location near Asakusa; and tips for exploring Taito’s hidden gems around Kuramae.","2025-03-04","Hotel"
"okinawa-travel-guide.md","Need advice on getting to Okinawa Island and other recommendations?","Discover Okinawa: a tropical paradise with stunning beaches; vibrant culture; and local traditions. Explore islands; savor cuisine; and experience warm hospitality.","2025-07-25","TravelSpots"
"okonomiyaki-guide.md","What Is Okonomiyaki? Japanese Savory Pancake Guide","A local explains okonomiyaki. Osaka vs Hiroshima style and how to eat it.","2026-10-31","Restaurant🍣"
"onsen-jewelry-accessories.md","Can I Wear Jewelry in a Japanese Onsen?","A local's advice on accessories in hot springs. Why you should remove them.","2026-03-18","Others🗾"
"ordering-food-without-japanese.md","How to Order Street Food in Japan Without Speaking Japanese","A local's guide to ordering at food stalls. Easy tips for non-Japanese speakers.","2026-05-07","Restaurant🍣"
"osaka-attractions-guide.md","Please recommend any must-see attractions in Osaka.","Discover Osaka’s vibrant charm beyond Universal Studios: explore local markets; street food; lively neighborhoods; and nearby day trips to Kyoto and Nara.","2025-07-30","Daytrip"
"osaka-bullet-train.md","Should I purchase bullet train tickets ahead of time for my trip to Osaka?","Should you buy Osaka bullet train tickets early? Book ahead for holidays like Golden Week; otherwise; tickets are easy to get last minute.","2025-07-30","Transportation"
"osaka-history-sightseeing.md","Is Osaka worth visiting for history; shrines; and sightseeing?","Discover the vibrant charm of Osaka; where street food; entertainment; and modern city life thrive. Explore hidden gems and plan day trips to Kyoto for a deeper dive into history and traditional culture.","2025-07-25","Daytrip"
"osaka-vs-tokyo-comparison.md","Osaka vs Tokyo: What's the Difference?","A local compares Japan's two biggest cities. Culture; food; and personality.","2026-09-22","TravelSpots🗼"
"personalized-chopsticks-japan.md","Where to Find Personalized Chopsticks in Kyoto; Osaka; or Hiroshima?","Joe Tanaka answers: Where to Find Personalized Chopsticks in Kyoto; Osaka; or Hiroshima?","2025-08-12","Souvenirs👘"
"plus-size-clothes-japan.md","Traveling to Japan Soon; Looking for Clothes in Size US Women's 12","Joe Tanaka answers: Traveling to Japan Soon; Looking for Clothes in Size US Women's 12","2025-08-12","Souvenirs👘"
"pocket-wifi-vs-sim-card.md","Pocket WiFi or SIM Card: Which Is Better for Japan?","A local compares internet options. How to stay connected during your trip.","2026-06-09","Tips💡"
"pokemon-card-stores-tokyo.md","Tips for Non-Cafe Pokemon Experiences and Card Store Recommendations","Joe Tanaka answers: Tips for Non-Cafe Pokemon Experiences and Card Store Recommendations","2025-08-12","Souvenirs👘"
"pokemon-ghibli-tokyo.md","Can I visit the Pokémon center and ghibli store at Skytree without a ticket?","Visit the Pokémon Center and Ghibli Store at Tokyo Skytree without a ticket! Explore unique shops; dining options; and local flavors.","2025-07-25","Souvenirs"
"portable-iphone-chargers.md","Recommendations for portable iPhone chargers for a trip with heavy phone usage?","Discover how to choose the best portable charger for your trip to Japan. Find reliable brands; purchase options; and essential travel tips!","2025-07-21","Others"
"rainy-day-tokyo-activities.md","What to Do in Tokyo on a Rainy Day","A local's guide to enjoying Tokyo in the rain. Sometimes rain makes things better!","2026-03-20","TravelSpots🗼"
"rainy-day-tokyo.md","What to Do in Tokyo on Rainy Days","A local explains why rain shouldn't stop your sightseeing.","2026-12-19","TravelSpots🗼"
"ramen-street-tokyo-station.md","Best Ramen at Tokyo Station's Ramen Street","A local recommends which ramen shops to try at Tokyo Ramen Street.","2026-12-13","Restaurant🍣"
"ramen-types-guide.md","What Are the Different Types of Ramen in Japan?","A local explains ramen styles. From Tonkotsu to Shoyu; find your favorite.","2026-05-31","Restaurant🍣"
"recommend-a-good-and-reasonable-place-for-shabu-shabu-or-sukiyaki-in-ueno-asakusa.md","Recommend a good and reasonable place for shabu shabu or sukiyaki in Ueno & Asakusa?","Looking for affordable shabu-shabu or sukiyaki in Ueno or Asakusa? Try Hachinoki or Yansando—high quality; delicious; and under ¥2;000 at lunch!","2025-03-25","Restaurant"
"recommended-apps-japan.md","Recommendations for beneficial apps to download before landing in Japan?","Discover essential apps for traveling in Japan! From Google Maps for navigation to Google Translate for language help; enhance your trip today!","2025-07-21","Wi-Fi"
"reload-suica-card.md","Can I reload and use a Suica card with someone else's name?","Learn if you can reload or use a Suica card with someone else’s name in Japan; plus tips on personalized vs. anonymous Suica cards.","2025-07-30","Transportation"
"restaurants-in-yanaka-ginza-open-on-sundays.md","Restaurants in Yanaka Ginza open on Sundays?","Many shops in Yanaka Ginza don’t follow a specific off-day; so you’ll likely find Sunday openings. Explore this nostalgic area for a unique Tokyo experience.","2025-03-03","TravelSpots"
"rice-cooker-buying-guide.md","Should I Buy a Japanese Rice Cooker?","A local explains rice cookers. Worth buying; voltage issues; and recommendations.","2026-11-27","Souvenirs🎁"
"ripped-5000-yen-bill-2.md","What should I do with my ripped 5000 yen bill?","Discover what to do with a damaged 5000 yen bill. Learn about exchange options; local use; and keeping it as a memory.","2025-07-25","Others"
"ripped-yen-bill-exchange.md","What Should I Do with a Ripped Yen Bill?","A local's honest advice on damaged Japanese currency. Is it worth exchanging?","2026-02-15","Others🗾"
"safe-walking-tokyo-night.md","Is It Safe to Walk at Night in Tokyo?","A local explains which areas to avoid and why Japan is generally safe.","2026-12-08","TravelSpots🗼"
"sandals-in-japan.md","Are sandals acceptable in Japan or disrespectful when visiting temples?","Wondering if sandals are okay in Japan; especially at temples? Learn when to remove them; temple etiquette; and tips for upscale spots.","2025-07-25","Others"
"scenic-beaches-near-tokyo-kyoto.md","Closest scenic beach near Tokyo or Kyoto for 1-2 day trip?","Discover the closest scenic beaches near Tokyo and Kyoto for a relaxing 1-2 day trip with top spots like Kamakura; Atami; Chiba; and Awaji Island.","2025-07-25","TravelSpots"
"secondhand-anime-akihabara.md","Looking for a good second hand store in Akhibara to spend for anime lovers.","Discover Akihabara's best secondhand stores for anime lovers! Explore Lashinbang and Suruga-ya for collectibles; figures; and vintage treasures.","2025-07-25","Souvenirs"
"see-mt-fuji-spots.md","Best Places to See Mt. Fuji Without Climbing","A local recommends the best viewing spots around Mt. Fuji.","2027-01-01","TravelSpots🗼"
"senso-ji-asakusa-guide.md","How to Visit Senso-ji Temple in Asakusa","A local's guide to Tokyo's oldest temple. What to see and do.","2026-11-03","TravelSpots🗼"
"shabu-shabu-ueno-asakusa.md","Where to Find Affordable Shabu Shabu in Ueno and Asakusa?","A local recommends budget-friendly shabu shabu and sukiyaki spots near Ueno and Asakusa.","2026-10-04","Restaurant🍣"
"shiba-inu-cafes.md","Seeking best Shiba Inu cafe; need reservations for July 10-14.","Discover the charm of Shiba Inu cafes in Japan! Plan your visit wisely for July 10-14; as reservations are rare. Discover tips now!","2025-07-25","TravelSpots"
"shibuya-luggage-storage.md","Does Shibuya Sky have luggage storage? We're going straight from the airport.","Shibuya Sky has small lockers; unsuitable for large luggage. Nearby coin lockers and private storage services offer great alternatives!","2025-07-25","TravelSpots"
"shibuya-sky-bags-storage.md","Can I Store Luggage at Shibuya Sky?","A local explains luggage storage options near Shibuya Sky and Shibuya Station.","2026-05-10","TravelSpots🗼"
"shibuya-sky-seat-drink-tickets.md","Do Seat and Drink Tickets Include Access to the Observation Deck?","Joe Tanaka answers: Do Seat and Drink Tickets Include Access to the Observation Deck?","2025-08-12","TravelSpots🗼"
"shibuya-sky-ticket-guide.md","Shibuya Sky: Difference Between Observation and Seat & Drink Tickets?","A local's guide to Shibuya Sky tickets. Standard observation vs. seat and drink options - which is worth it and when to visit.","2025-08-12","TravelSpots🗼"
"shibuya-sky-wait-times.md","Is there still a long wait even if you book in advance for Shibuya Sky?","Even with advance booking at Shibuya Sky; expect some lines for the elevator and lockers—patience ensures a great rooftop view!","2025-07-25","TravelSpots"
"shinjuku-nightlife-bars-izakayas.md","Seeking tips and experiences for enjoying nightlife in Shinjuku; including bar recommendations.","Explore the best nightlife in Shinjuku! From Golden Gai bars to Ni-Chome LGBTQ+ spots; here’s your ultimate tourist-friendly guide for Tokyo nights.","2025-03-21","TravelSpots"
"shinkansen-mt-fuji-view-seat.md","Which Side of the Shinkansen Has the Best Mt. Fuji View?","A local's tip for seeing Fuji from the bullet train. The seat you need to book.","2026-03-30","Transportation🚃"
"shinkansen-osaka-tokyo-tickets.md","How to Buy Bullet Train Tickets from Osaka to Tokyo?","A local's complete guide to buying Shinkansen tickets from Osaka to Tokyo. All the ways to book; prices; and tips for getting the best deal.","2025-08-12","Transportation🚃"
"shinkansen-reservation-tips.md","Do I Need to Reserve Seats on the Shinkansen?","A local explains bullet train reservations. When to book and when to skip.","2026-08-11","Transport🚃"
"shinkansen-wifi-streaming.md","Is the Shinkansen wifi stable enough for watching YouTube videos?","Shinkansen WiFi isn’t ideal for uninterrupted YouTube streaming due to frequent drops and 30-minute limits; download content beforehand for smooth travel.","2025-07-25","Transportation"
"shoe-size-japan-shopping.md","What's My Shoe Size in Japan?","A local explains Japanese shoe sizing. Conversion chart and shopping tips.","2026-08-23","Souvenirs🎁"
"shrine-vs-temple-japan.md","What's the Difference Between a Shrine and Temple?","A local explains Shinto shrines vs Buddhist temples. How to tell them apart.","2026-06-27","TravelSpots🗼"
"skiing-hokkaido-november.md","Can I Ski in Hokkaido in Late November?","A local's honest answer about skiing in Hokkaido in November. What to expect and tips for first-time visitors.","2026-02-05","TravelSpots🗼"
"skiing-near-tokyo-shinkansen.md","Best Ski Place Within 2 Hours from Tokyo via Shinkansen?","Joe Tanaka answers: Best Ski Place Within 2 Hours from Tokyo via Shinkansen?","2025-08-12","TravelSpots🗼"
"skiinnovember.md","Where can I ski in Hokkaido in late November for a first-time visitor?","Snow usually starts falling in northern Hokkaido from October; but ski resorts often open in late November—check snow conditions before planning your trip.","2025-07-14","Events"; "TravelSpots"
"skytree-pokemon-ghibli-no-ticket.md","Can I Visit Pokémon Center and Ghibli Store at Skytree Without a Ticket?","A local explains Tokyo Solamachi shopping. No observation deck ticket needed!","2026-04-02","Souvenirs🎁"
"smoking-rules-japan.md","What Are the Smoking Rules in Japan?","A local explains where you can and can't smoke. Rules for tourists.","2026-07-27","Tips💡"
"snow-globe-souvenir-tokyo.md","Looking for a small snow globe souvenir in Tokyo; any recommendations?","Discover the best spots in Tokyo for small snow globe souvenirs; from Tokyo Tower to department stores; with tips on unique finds and safe packing.","2025-07-25","Souvenirs"
"snowy-onsen-day-trips-tokyo-osaka.md","Are there hot spring resorts with snow views that can be visited as a day trip from major cities？","Want to enjoy a hot spring surrounded by snow? Discover Japan’s best snowy onsen that can be visited as day trips from Tokyo or Osaka—romantic; relaxing; and unforgettable.","2025-07-14","Daytrip"
"sonic-merchandise-tokyo.md","Where Can I Buy Sonic Merchandise in Tokyo?","Looking for Sonic the Hedgehog goods in Tokyo? Visit Joypolis in Odaiba — but be aware; there's an entry fee even just to shop! 🎮","2025-03-23","Souvenirs"
"souvenirs-shinjuku-guide.md","Best Place to Buy Souvenirs in Shinjuku","Joe Tanaka answers: Best Place to Buy Souvenirs in Shinjuku","2025-08-12","Souvenirs👘"
"squid-ink-ice-cream-shinjuku.md","Where can I find squid ink and unique flavored ice cream in Shinjuku?","Discover unique squid ink ice cream and adventurous flavors like black sesame in Shinjuku. Explore this culinary gem for a memorable treat!","2025-07-25","Restaurant"
"suica-app-english-iphone.md","Is There an English Version of the Suica App for iPhones?","A local's guide to setting up Suica on your iPhone. No separate app needed - just use Apple Wallet! Here's exactly how to do it.","2025-08-12","Transportation🚃"
"suica-card-explained.md","I'm Confused About the Suica Card; Can You Explain?","Joe Tanaka answers: I'm Confused About the Suica Card; Can You Explain?","2025-08-12","Transportation🚃"
"suica-card-narita-airport-2.md","Can I buy a Suica card at Narita airport for Tokyo trip?","Easily buy a Suica card at Narita Airport's ticket counters for your Tokyo trip. Use the app instead for convenient travel options!","2025-07-25","Transportation"
"suica-card-narita-airport.md","Can I Buy a Suica Card at Narita Airport?","Learn how to get a Suica card at Narita Airport; including the new Welcome Suica Mobile for iPhone users. Save time and travel smoothly in Japan!","2025-03-20","Transportation"
"suica-card-usage.md","Do most places in Japan accept Suica and is it easy to transfer money to it?","Suica is widely accepted across Japan for transit and purchases; but recharging usually requires cash at stations or convenience stores.","2025-07-30","Transportation"
"suica-card-uses-beyond-trains.md","Can the Suica Card Be Used for Anything Other Than Trains?","A local's complete guide to using Suica beyond transportation. Discover all the places you can tap and pay - from convenience stores to vending machines.","2025-08-12","Transportation🚃"
"suica-pasmo-choices.md","Which travel card is better for Tokyo and Kyoto: Suica; Pasmo; or both?","Get the best travel card for Tokyo and Kyoto: choose Suica or Pasmo; both work nationwide for seamless transit and easy payments in Japan.","2025-07-30",""
"suica-pasmo-expiration.md","Do Suica or Pasmo cards expire with unused balances after a few years?","SUICA & PASMO expire after 10 years of inactivity; possibly wiping your balance. Check yours via Mobile SUICA or ticket machines before your next Japan trip. Refunds may be possible with a small fee.","2025-02-14","Transportation"
"suica-pasmo-japan-travel.md","Why do I need a suica or pasmo card for Tokyo; Kyoto; and Osaka?","Suica or Pasmo makes travel in Tokyo; Kyoto; and Osaka seamless. Tap to ride trains; buses; and even shop! Skip ticket machines and explore Japan with ease.","2025-02-14","Transportation"
"suica-pasmo-why.md","Why Do I Need a Suica or Pasmo Card?","A local explains why IC cards make Tokyo travel so much easier.","2026-12-25","Transportation🚃"
"suica-passmo-card-expiration.md","Do Suica or PASMO cards expire with unused balances after a few years?","Discover the essential facts about SUICA and PASMO cards in Japan. Learn about balance expiration; management tips; and how to check your balance easily!","2025-07-21","Transportation"
"suica-transport-guide.md","Can I use a Suica card for all types of public transportation in Japan?","Use your Suica card across Japan on trains; buses; and taxis with ease! Learn about coverage; regional use; and where cash is still needed.","2025-07-30","Transportation"
"suica-usage-in-tokyo-kyoto-japan.md","Can we use Suica at Tokyo and Kyoto and other areas?","Suica works in Tokyo; Kyoto; Osaka; and more. Learn how to use one card for trains; buses; and shopping across Japan.","2025-03-23","Transportation"
"summer-clothing-japan.md","What Should I Wear in Japan in Summer?","A local explains that you can wear almost anything in Japan.","2026-12-30","TravelSpots🗼"
"sumo-japan-tickets.md","Need info on buying sumo wrestling tickets and best location/website to watch.","Experience the thrill of sumo wrestling in Japan! Learn how to buy tickets; discover seating options; and immerse yourself in this unique culture.","2025-07-25","Events"
"sumo-stables-visit.md","Can we see a Sumo tournament in Tokyo; Nagoya; Kyoto; or Osaka in late May to Mid June?","Discover sumo in Japan between late May and mid June! While no grand tournaments occur; visit training stables and local events for an authentic experience.","2025-07-25","Events"
"sumo-tournament-schedule.md","When and Where Can I Watch Sumo in Japan?","A local's guide to sumo tournaments. Schedule; locations; and how to get tickets.","2026-03-28","TravelSpots🗼"
"sumo-wrestling-how-far-in-advance-do-they-sell-out.md","Sumo wrestling; how far in advance do they sell out?","Sumo tickets sell out fast; especially for Tokyo tournaments. Book 2 months in advance or try same-day tickets; tour packages; or resale options.","2025-03-03","Events"
"sushi-etiquette-rules.md","What Are the Rules for Eating Sushi in Japan?","A local explains sushi etiquette. Hands vs chopsticks; soy sauce tips; and more.","2026-06-18","Restaurant🍣"
"takeout-leftovers-japan.md","Can I Take Leftovers Home from Restaurants?","A local explains why doggy bags are not common in Japan.","2026-12-21","Restaurant🍣"
"taking-leftovers-in-japan.md","After eating at the restaurant; is it accptable to take with you what you did not eat ?","Taking home leftovers from a restaurant in Japan is uncommon due to hygiene and food safety concerns. Most places do not allow it; and if they do; you must ask for permission. Takeout containers may not be provided; bringing your own is an option. ","2025-02-12","Restaurant"
"taking-leftovers-japan.md","Can I Take Leftovers Home from a Restaurant in Japan?","A local's honest answer about doggy bags in Japan. Why most restaurants don't allow it and what to do instead.","2026-02-07","Restaurant🍣"
"takoyaki-osaka-tokyo.md","What is the difference between takoyaki in Osaka and Tokyo?","Discover the unique differences between Osaka and Tokyo's takoyaki! From crispy snacks in Tokyo to the rich; authentic experience in Osaka; taste the culture!","2025-07-25","Restaurant"
"takoyaki-osaka-vs-tokyo.md","Is Takoyaki Better in Osaka or Tokyo?","A local compares takoyaki in both cities. The differences and where to try it.","2026-04-28","Restaurant🍣"
"tamagotchi-buy-japan.md","Looking to buy tamagotchi in Japan; any recommendations?","Discover where to buy Tamagotchi in Japan! Explore specialty stores; department stores; and online platforms for new and vintage options.","2025-07-22","Souvenirs"
"tamagotchi-where-to-buy.md","Where Can I Buy Tamagotchi in Japan?","A local's guide to finding Tamagotchi in Tokyo. New versions and vintage models - where to look for both.","2026-02-24","Souvenirs🎁"
"tap-water-safe-japan.md","Is Tap Water Safe to Drink in Japan?","A local's answer about drinking water in Japan. Safe; clean; and free!","2026-03-15","Others🗾"
"tattoo-onsen-guide.md","Can I Go to Onsen with Tattoos?","A local explains how to enjoy hot springs even with tattoos.","2027-01-08","TravelSpots🗼"
"tattoos-in-japan-guide.md","Is It a Good Idea to Invite My Tattooed Boyfriend to Japan?","A local's honest guide to traveling in Japan with tattoos. What's actually off-limits; workarounds for onsen; and why tattoos won't ruin your trip.","2025-08-12","Others🗾"
"taxes-included-price-japan.md","Are Taxes Included in Price Tags in Japan?","A local explains how pricing works in Japanese stores. No surprises at the register!","2026-02-08","Others🗾"
"taxes-included-price-tags-japan.md","Are taxes included in the displayed price when it comes to price tags in stores?","Uncover how Japan’s total price display law affects what you pay in stores and restaurants; and learn about hidden charges like the お通し fee.","2025-03-03","Money"
"taxi-japan-guide.md","How do I request a Taxi from my current location?","Need a taxi in Japan? Learn how to hail cabs in Tokyo; use Uber and JapanTaxi apps; payment tips; fares; and cultural etiquette for smooth rides.","2025-07-30","Transportation"
"taxi-shinjuku-station.md","Can I Find a Taxi Without Booking Near Shinjuku Station?","A local's guide to getting taxis in Tokyo. No apps needed!","2026-02-18","Transportation🚃"
"taxistand.md","Are there unbooked taxis outside Shinjuku station?","Taxis are readily available at Shinjuku Station’s taxi stands; so no need to book in advance. Most taxis even have USB-A ports—just bring your cable and charge your phone on the go!","2025-02-14","Transportation"
"teamlab-best-time.md","Is TeamLab Worth Visiting Despite the Crowds?","A local explains the best time to visit TeamLab for the best experience.","2027-01-09","TravelSpots🗼"
"teamlab-borderless-planets.md","TeamLab Borderless vs Planets: Which One Should I Visit?","A local compares both TeamLab museums. Differences; tips; and recommendations.","2026-07-24","TravelSpots🗼"
"tempura-guide-tokyo.md","What Is Tempura? Guide to Japanese Fried Perfection","A local explains tempura. What to order; how to eat; and where to try it.","2026-10-07","Restaurant🍣"
"tipping-culture-japan.md","Do I Need to Tip in Japan?","A local explains tipping culture. When to tip; when not to; and why.","2026-05-04","Tips💡"
"tipping-in-japan.md","Do we tips waitress/waiter in Japan?","Discover whether to tip waitstaff in Japan. Learn about Japanese service culture and the proper ways to show appreciation without gratuities.","2025-07-25","Restaurant"
"tokyo-airports.md","Which airport is better to fly out from in Tokyo; Narita or Haneda?","Choose the best Tokyo airport for your travel needs! Explore the pros and cons of Narita vs. Haneda for an efficient and enjoyable journey.","2025-07-25","Transportation"
"tokyo-antiques-guide.md","Are there weekday antique markets in Tokyo?","Discover Tokyo's rare weekday antique markets during summer holidays! Enjoy quieter browsing for unique collectibles and cultural finds.","2025-07-25","Souvenirs"
"tokyo-art-galleries.md","Any recommendations for art galleries/museums in Tokyo?","Discover Tokyo's vibrant art scene in Roppongi and Ueno Park; featuring renowned museums; stunning exhibitions; and cultural treasures.","2025-07-14","TravelSpots"
"tokyo-best-aquariums-for-kids.md","Best aquarium in Tokyo for kids?","Visiting Tokyo with kids? Explore the best aquariums like Aqua Park; Sumida Aquarium; and Hakkeijima Sea Paradise in the Tokyo area 🐬","2025-03-21","TravelSpots"
"tokyo-best-stationery-stores-kids.md","Please recommend the top stationery stores in Tokyo for my daughter's wish list.","Looking for the best stationery in Tokyo? Visit Itoya in Ginza; Kakimori in Kuramae; and Loft for high-quality; cute; and unique items!","2025-03-24","Souvenirs"
"tokyo-cosmetics-guide.md","Recommendations for foundation; blush; and mascara in Tokyo? Pictures helpful.","Looking for makeup in Tokyo but don’t know where to start? Try @cosme TOKYO for top-rated foundation; blush; and mascara picks based on real reviews!","2025-07-25","Souvenirs"
"tokyo-dinner-cruise-guide.md","Looking for the Top Dinner Cruise in Tokyo; Japan","Joe Tanaka answers: Looking for the Top Dinner Cruise in Tokyo; Japan","2025-08-12","Restaurant🍣"
"tokyo-disney-tips-guide.md","Tokyo Disney Tips: How to Make the Most of Your Visit","A local shares Disney tips. Beat the crowds and enjoy more rides.","2026-08-05","TravelSpots🗼"
"tokyo-disneyland-disneysea-one-day.md","Have you visited both Disneyland and Disneysea in one day?","Want to visit both Tokyo Disneyland and DisneySea in one day? It’s possible; but not easy. Here’s what you should know before trying! 🎢","2025-03-21","ThemeParks"
"tokyo-disneyland-florida.md","Is Disneyland in Japan worth it for Florida residents who have visited multiple times?","Discover why Tokyo Disneyland feels familiar to Florida visitors; while Tokyo DisneySea offers a unique; immersive experience you won’t find elsewhere.","2025-07-30","ThemeParks"
"tokyo-free-attractions.md","What Can I Do for Free in Tokyo?","A local's guide to free attractions. Save money while exploring.","2026-10-16","TravelSpots🗼"
"tokyo-gacha-guide.md","Where is the building in Tokyo with multiple levels of gacha machines?","Discover Tokyo's Akihabara Gachapon Kaikan; a 4-floor gacha paradise with capsules priced ¥200-¥500; perfect for collectors and tourists alike!","2025-07-25","Souvenirs"
"tokyo-halloween-guide.md","Are there any recommended Halloween events in Tokyo and is it worth going to Disneyland?","Experience Halloween in Tokyo: Join the lively Shibuya street party; explore family-friendly Disneyland; or enjoy spookiness at USJ!","2025-07-25","Events"
"tokyo-hotel-guide-train.md","Best hotel location in Tokyo for train travel to see sites?","Discover the best Tokyo hotel areas with easy train access to top sights. Find spots for budget stays; nightlife; family trips; and calm vibes.","2025-07-25","Hotel"
"tokyo-insects-guide.md","Are there bugs/mosquitoes in Tokyo in August?","Discover insect life in Tokyo! Learn about mosquito presence; urban pests; and enjoy your visit worry-free in this clean city.","2025-07-21","Others"
"tokyo-kids-arcade-ufo-catcher.md","Are there better claw machines or arcades in Tokyo for kids?","Looking for kid-friendly arcades in Tokyo? Try Molly Fantasy in Aeon malls for easy UFO catchers; cute prizes; and a safe; fun environment for families!","2025-03-21","Others"
"tokyo-kyoto-travel-guide.md","Have you flown from Tokyo to Kyoto and if so; how was it?","Experience the journey from Tokyo to Kyoto with the Shinkansen. Enjoy scenic views; comfort; and efficiency in just 2.5 hours!","2025-02-22","Transportation"
"tokyo-malls-japanese-design-teen-shopping.md","Best Tokyo mall with Japanese designers for shopping with 13 yr old?","Shopping with a teen in Tokyo? Discover Japanese designer items at KITTE and Midtown Hibiya; both near Tokyo Station.","2025-03-21","Souvenirs"
"tokyo-march-packing.md","\"Tokyo weather on Mar 13? Ideal clothing for family of 4 from India?","Discover the typical mid-March weather in Tokyo and essential packing tips for families from India. Learn about layers; rain gear; and local shopping!","2025-07-25","Clothes"
"tokyo-metro-vs-jr.md","Tokyo Metro vs JR: What's the Difference?","A local explains Tokyo's train systems. Which to use and when.","2026-10-10","Transport🚃"
"tokyo-mosquitoes-august.md","Are there bugs/mosquitoes in Tokyo in August?","Yes; Tokyo has mosquitoes in August; especially in the evenings; but they’re not overwhelming. Urban areas like Ginza have fewer. Carry mosquito repellent; and you’ll be fine. ","2025-02-14","Others"
"tokyo-night-safety.md","Is it safe to walk late at night in Tokyo and which streets should be avoided?","Tokyo is remarkably safe to walk late at night; but avoid busy nightlife areas like Shinjuku’s Kabukicho and Shibuya’s Center Gai for a peaceful stroll.","2025-07-25","Others"
"tokyo-night-views-spots.md","Where Are the Best Night Views in Tokyo?","A local's guide to Tokyo night views. Free and paid observation decks compared.","2026-07-21","TravelSpots🗼"
"tokyo-or-kyoto-first.md","Should I Visit Tokyo or Kyoto First?","A local compares both cities. Which one to start with and why.","2026-05-28","TravelSpots🗼"
"tokyo-rainy-day-activities-2.md","Looking for suggestions on what to do in Tokyo on rainy days.","Rainy in Tokyo? Don’t cancel your plans! With a good umbrella and comfy shoes; you can enjoy peaceful temples; empty Disneyland rides; or cozy indoor spots like museums and sento","2025-07-25","Daytrip"
"tokyo-rainy-day-activities.md","Looking for suggestions on what to do in Tokyo on rainy days.","Rainy in Tokyo? Don’t cancel your plans! With a good umbrella and comfy shoes; you can enjoy peaceful temples; empty Disneyland rides; or cozy indoor spots like museums and sento.","2025-07-25","Others"
"tokyo-ramen-guide.md","Which ramen shop at Tokyo Station's Ramen Street is the best?","Discover the best ramen shops at Tokyo Station's Ramen Street; from shoyu to tsukemen. Explore unique flavors that delight all palates!","2025-07-25","Restaurant"
"tokyo-to-kyoto-travel.md","Have you flown from Tokyo to Kyoto and if so; how was it?","Experience the journey from Tokyo to Kyoto with Shinkansen. Discover convenience; comfort; and breathtaking views on this magical ride!","2025-07-25","Transportation"
"tokyo-trip-packing-guide.md","What should I pack for my trip to Tokyo in August; considering the hot and humid weather?","Discover essential packing tips for Tokyo in August: light clothes; portable fans; cooling towels; umbrellas for shade; and konbini cold drinks to beat the heat. Stay hydrated and enjoy local summer festivals and traditions!","2025-07-25","Others"
"tokyo-wifi-guide-pocket-wifi-vs-esim.md","Is there free WiFi available throughout Tokyo; so I don't need a pocket WiFi?","Tokyo has limited free WiFi today. Learn why most travelers use pocket WiFi or eSIM; plus key pros and cons; email login tips; and local advice.","2025-03-21","Wi-Fi"
"tokyo-winter-festivals-illumination-day-trips.md","Are there any winter festivals or light-up events near Tokyo that can be visited for a day？","Discover the best one-day winter festivals and illumination events near Tokyo—perfect for couples; families; and photographers!","2025-07-14","Daytrip"
"train-etiquette-rules.md","What Are the Rules for Riding Trains in Japan?","A local explains train etiquette. Don't be that tourist who breaks the rules.","2026-05-22","Transport🚃"
"train-station-coin-lockers.md","What is the size of train station coin lockers and availability?","Find out about train station coin locker sizes; availability; prices; payment methods; and tips for storing luggage safely in Japan.","2025-07-25","Others"
"travel-agent-vs-diy-booking-japan.md","Should I Use a Travel Agent or Book Hotels Myself for Japan Trip?","Joe Tanaka answers: Should I Use a Travel Agent or Book Hotels Myself for Japan Trip?","2025-08-12","Others🗾"
"tvshow-international-cuisine.md","【TV show】Authentic and Approved! Real International Cuisine in Japan!","Discover Japan's best foreign restaurants serving authentic Indian; Peruvian; and Thai cuisine. Some even surpass their home country's flavors!","2025-03-11","Featured"
"udon-shibuya-guide.md","Where can we get some fantastic udon noodles in Shibuya;Tokyo?","Wondering where to get great udon in Shibuya? This guide compares popular spots—TsuruTonTan for atmosphere; Tokyo Mentsu-dan for authenticity; and quick options like Tenya and Miyatake Sanuki Udon. Plus; learn some fun Japanese udon trivia and explore regional styles!","2025-07-14","Restaurant"
"udon-soba-difference.md","What's the Difference Between Udon and Soba?","A local explains Japanese noodles. When to eat which and how to enjoy them.","2026-08-08","Restaurant🍣"
"ufo-catcher-arcade-kids.md","Best Claw Machines and Arcades for Kids in Tokyo","A local's guide to UFO catchers in Japan. Tips for winning and where to take kids.","2026-03-08","TravelSpots🗼"
"umbrella-etiquette-japan.md","What Should I Know About Umbrellas in Japan?","A local explains umbrella culture. Where to buy; how to use; and etiquette.","2026-10-25","Tips💡"
"unbooked-taxis-shinjuku.md","Are there unbooked taxis outside Shinjuku station?","Experience the convenience of taxis at Shinjuku Station; Tokyo. Find unbooked taxis easily and make the most of modern amenities on your journey.","2025-07-25","Transportation"
"uniqlo-shopping-tips.md","Is Uniqlo Cheaper in Japan?","A local explains shopping at Japanese Uniqlo. Prices; sizes; and exclusive items.","2026-10-01","Souvenirs🎁"
"unique-breakfast-japan.md","Where to Find Unique Breakfast in Japan","A local's guide to breakfast spots. From traditional to trendy; budget to special.","2026-04-20","Restaurant🍣"
"unique-evening-activities-tokyo.md","Unique Evening Activities in Tokyo That Don't Involve Drinking","A local's guide to nighttime fun without bars or arcades. Nature; stars; and unique experiences.","2026-02-25","TravelSpots🗼"
"unique-evening-activities.md","Recommendations for unique evening activities that don't involve drinking or arcades?","Discover unique evening activities in Japan beyond bars and arcades. Explore nature; relax in ryokans; stargaze; and enjoy local culture!","2025-07-25","Others"
"unique-japan-breakfast.md","Unique breakfast in Japan?","Discover unique breakfast options in Japan! From traditional miso sets to fluffy pancakes; explore the country's tasty morning delights.","2025-07-25","Restaurant"
"used-anime-goods-akihabara.md","Where to Buy Secondhand Anime Goods in Akihabara?","A local's guide to used anime shops. Save money on figures; manga; and merchandise.","2026-05-01","Souvenirs🎁"
"vegetarian-japan-guide.md","Is It Hard to Be Vegetarian in Japan?","A local's honest guide for vegetarians. Challenges; solutions; and where to eat.","2026-06-03","Restaurant🍣"
"wagashi-japanese-sweets-guide.md","Are Japanese Sweets (Wagashi) Actually Good?","A local's honest take on wagashi. The secret to enjoying them and where to try the best ones.","2026-04-15","Restaurant🍣"
"wagashi-sweets-japan.md","Have you tried Wagashi? How was it? Does it taste good?","Discover the subtle sweetness of wagashi; Japanese traditional sweets. Experience flavors paired with matcha tea while exploring Tokyo's finest shops.","2025-07-25","Souvenirs"
"wagyu-farm-visit.md","Can I Visit a Wagyu Cattle Farm in Japan?","A local's guide to visiting ranches in Japan. Where to see cows and enjoy fresh dairy.","2026-04-10","TravelSpots🗼"
"wagyu-farms-japan.md","Do you recommend to go to a Wagyu cattle farm?","Visit Wagyu cattle farms in Japan for fresh dairy; animal encounters; and seasonal events—but buy Wagyu beef at local markets or roadside stations.","2025-07-25","TravelSpots"
"weather-app-japan-rain.md","Best Weather App for Japan Travel","A local's recommendation for tracking rain in Japan. Essential for summer travel!","2026-04-05","Others🗾"
"what-are-the-average-temperatures-in-japan-in-late-november-to-early-december.md","What are the average temperatures in Japan in late November to early December?","Planning a trip to Japan in late November or early December? Discover average temperatures and what to pack by region—from snowy Hokkaido to sunny Okinawa.","2025-03-25","Others"
"what-to-pack-japan-trip.md","What Should I Buy and Pack Before Traveling to Japan?","Planning a trip to Japan? Here's my honest advice on what essentials to pack and what you can just buy when you arrive. Pack smart; travel light!","2026-01-31","Transportation"
"what-to-pack-japan.md","What Should I Buy and Pack Before Traveling to Japan?🎒","Wondering what to pack for Japan? Bring a power adapter; essential medications; and comfortable shoes. Pack light—Japan has great stores for anything you need. Travel smart and enjoy Japan!","2025-02-14","Clothes"
"what-to-wear-japan-july.md","What should I wear in Tokyo; Kyoto; and Osaka in July?","Tokyo; Kyoto; and Osaka are hot and humid in July; so wear light; breathable clothing like cotton shirts; shorts; and dresses. Bring a hat; sunglasses; and sandals; but note that swimsuits are only for beaches or pools. Want to pack light? Buy clothes at Uniqlo in Japan!","2025-02-18","Clothes"
"where-can-i-buy-affordable-women-and-kids-clothes-in-kyoto.md","Where can I buy affordable women and kids clothes in Kyoto?","Looking for cheap and stylish clothes in Kyoto? Try GU; UNIQLO; or Shimamura for women and kids — plus great malls like Aeon Kyoto!","2025-03-23","Souvenirs"
"which-is-better-for-1-night-kanazawa-or-takayama-after-shirakawago.md","Which is better for 1 night: Kanazawa or Takayama after Shirakawago?","Which is better for 1 night after Shirakawago: Takayama or Kanazawa? Discover the best choice based on travel time; food; attractions; and budget.","2025-03-20","Daytrip"
"wifi-japan-guide.md","Best wifi solution for Japan?","Stay connected in Japan with pocket Wi-Fi for groups or prepaid SIM cards for solo travelers. Free Wi-Fi is limited and often tricky to use.","2025-07-30","Wi-Fi"
"winter-travel-japan.md","Is late November to early December a good time for winter travel in Japan?","Experience Japan's winter magic from late November to early December with enchanting festivals; delicious seasonal cuisine; and breathtaking scenery.","2025-07-21","Others"
"winter-wear-japan.md","Is it cheaper to buy winter wear in Japan and any shop recommendations?","Find out if buying winter wear in Japan is cheaper and get top shop recommendations like Uniqlo; Snow Peak; and Montbell for quality gear!","2025-07-25",""
"winter-weather-tokyo.md","Weather during winter break (Dec 26-Jan 6); does it snow?","Experience Tokyo in winter! Discover essential tips for dressing warmly; shopping for winter gear; and savoring the city's crisp climate.","2025-07-22","Events"
"wise-card-atm-japan.md","Which ATMs in Japan Accept Wise Cards?","A local's guide to using Wise and foreign cards at Japanese ATMs. Where to withdraw cash and which ATMs work best.","2026-02-26","Others🗾"
"wise-card-atms-japan.md","Are there specific ATMs in Japan that accept Wise cards for withdrawals?","For Wise card withdrawals in Japan; Seven Bank ATMs (Seven-Eleven) are the most reliable. In Tokyo and Osaka; they’re also near subway station gates. Aeon Bank; E-net; and Daily Yamazaki ATMs may work; but results vary. Withdraw cash in advance for rural areas.","2025-02-18","Money"
"women-shorts-japan-summer-2.md","Is it acceptable for women to wear shorts in Japan during the summer?","Women wearing shorts in Japan during summer is widely accepted; just avoid overly revealing outfits in formal settings or religious sites.","2025-07-25","Clothes"
"women-shorts-japan-summer.md","Is it acceptable for women to wear shorts in Japan during the summer?","Worried about wearing shorts in Japan this summer? Don’t be! From Tokyo streets to summer festivals; shorts are totally fine—just skip the beachwear in the city.","2025-07-25","Others"
"worth-visiting-kanazawa.md","Is it worth to visit Kanazawa? I found out that some people would skip it.","Discover Kanazawa’s charm; from fresh sushi and historical temples to picturesque gardens; and see why it’s a worthwhile stop in Japan.","2025-03-03","Daytrip"
"yakiniku-bbq-guide.md","How Does Yakiniku Work? Japanese BBQ Guide","A local explains yakiniku. How to order; cook; and enjoy Japanese BBQ.","2026-10-13","Restaurant🍣"
"yen-withdrawal-japan.md","Bank exchange or ATM in Japan for better and cheaper currency exchange?","Withdraw yen from ATMs at 7-Eleven or post offices in Japan for better exchange rates and lower fees than bank currency exchanges.","2025-07-30","Money"
"yokohama-pokemon-summer-event.md","Yokohama hosts a week long celebration for Pokémon fans!","Yokohama's Pokémon event is a free Disneyland-like festival! Fun for all ages with parades; shows; and more. Don't miss it this summer! 🎉","2025-03-21","Events"
"zipair-budget-flights.md","Recommend ZipAir for flights to Japan?","ZipAir offers affordable; no-frills flights in Japan and to Asia; ideal for budget travelers seeking reliability and efficiency over luxury.","2025-07-30","Transportation"
