名前,メジャーシティ1,メジャーシティ2,メジャーシティ3,おすすめ度,コメント,英文
hokkaido,,,,4,日本で一番寒いエリア。１年のうち半分は雪が降ってる。東京から遠いけど飛行機で1時間半、意外とすぐ行ける。ウィンターアクティビティ、観光、海鮮料理、お土産など最高の観光場所のひとつ。欠点は山が少ないので温泉が少ない。,"Hokkaido is Japan's coldest region, with snow covering the ground for almost half the year. Though it's far from Tokyo, it’s surprisingly easy to reach with just a 1.5-hour flight. This prefecture is a paradise for winter activities like skiing and snowboarding. It’s also famous for fresh seafood, unique souvenirs, and breathtaking landscapes. The downside? Hokkaido lacks mountains with hot springs, so onsen options are limited. Still, it’s one of Japan’s top destinations for tourists."
aomori,,,,4,リンゴ県と呼ばれる。歴史的な街や温泉、ねぶた祭りなどが有名。,
iwate,,,,1,ディープな街だが、初めて訪日する人にはおすすめしない。アクセスがあまり良くない。旅のプロは岩手が好きな人が多い。,
miyagi,,,,1,いくつかのスポットはとても素敵な場所があるが、日本初回の訪問で行くべき場所ではない。,
akita,,,,2,温泉、湖、ローカルフード、文化などたくさん楽しめるがアクセスがあまり良くない。祭りが有名。,
yamagata,,,,3,銀山温泉はもっとも風情がある最高の温泉。温泉のクオリティも非常に良い。アクセスが悪いので長く滞在する人にはおすすめしたい。,
fukushima,,,,3,自然と都市の融合が絶妙。古い町並み、都市、食文化、温泉など楽しめる。福島のフルーツは日本で一番美味しいと友達からよく聞く。,
ibaraki,,,,1,日本でもっとも魅力な無い県と言われるが、実際は良い観光地が多い。神宮が複数あり、神社やお寺が好きな人は行くことをおすすめする。,
tochigi,,,,5,日本の学生の修学旅行で一番有名なところ。滝や湖、森など自然豊かで温泉のクオリティも関東付近ではとても良い。,
gunma,,,,4,日本で一番有名な温泉があり、都心からのアクセスの良さがとても良い。夏はみなかみでラフティングなどが有名、水がとても綺麗。,
saitama,,,,3,盆栽が一番有名な県。２番目ぐらいの良いものがたくさんあるが、1番良いものは他県にある。狭いエリアで観光地がたくさんあるので、時間がない方は埼玉に行くのはおすすめ。歴史的な街の川越、ムーミンバレーパーク、首都圏外郭放水路、大宮盆栽村・大宮盆栽美術館がおすすめ。,
chiba,,,,3,ショッピングモールがたくさんあり、住むのにとても便利な県。東京からアクセスが比較的良いのでおすすめ。目立つ観光地は少ないが、ディズニーランドがある。鋸山、佐倉などがおすすめ。,
tokyo,,,,5,東京23区（626.7㎢）はパリ20区（105.4㎢）より6倍ぐらいあり、東京の中にファッションの街、ホテルの街、老人の街、食の街、若者の街、布の街、コーヒーの街など細分化されている。趣味が多い人は長期で滞在したくなる街。,
kanagawa,,,,3,横浜と鎌倉が有名。横浜はデートスポットとして有名で写真映えするけど、夕方から夜にかけてしかやることがない。鎌倉はローカル感が溢れる街で1200年頃は日本の首都だったので、有名な仏閣などがたくさんあるので興味があれば行くことをおすすめする。その２つ以外の場所は良い場所がない。,
niigata,,,,3,日本の一番美味しいお米は新潟で作られる。スキーが有名だが、アクセスの良さから長野に行く人多い。,
toyama,,,,3,とても魅力的な街で伝統的な古民家が多いが、車でも電車でもアクセスが良くない。,
ishikawa,,,,5,金沢は歴史的に有名な街でありながら、小さなエリアに美術館や庭園、市場などあり効率的に回ることができる。金沢に行ったらのどぐろを食べてほしい。予約が必要だがMyouryujiも最高におすすめ。,
fukui,,,,1,カニが有名で面白い観光地がたくさんある。,
yamanashi,,,,4,富士山があるため多くの人は行くと思う。八ヶ岳などの美しい山があるので、山が好きな人はここを気に入ると思う。ぶどうが有名なので日本のワインなどが楽しめる。ほうとうヌードルは絶対にミスしてはいけない食べ物です。,
nagano,,,,5,夏は避暑地として軽井沢、上高地があり、冬はスキーで最も有名な場所のひとつ。スノーモンキーもとても有名。,
gifu,,,,5,アクセスが悪いが、私の外国人の友人の多くは岐阜が一番良かったと言うことが多い。飛騨高山、白川郷は人生で一度は行くべき。夏は鵜飼に行ってほしい。,
shizuoka,,,,4,富士山がある県だが山梨と違いビーチが有名で、熱海、伊豆、下田などの温泉エリアは日本人からも人気。大室山など面白い観光地がたくさんある。,
aichi,,,,2,名古屋駅周辺は栄えているが面白いスポットは少ない。,
mie,,,,1,松坂牛で有名だが、行きたい特定の場所がない限りスキップしましょう。,
shiga,,,,2,京都のすぐ近くにある県で、琵琶湖が日本で一番大きな湖として有名。近江八幡は私が一番好きな街のひとつです。,
kyoto,,,,5,ほとんどの旅行客が行く場所だが、最近はかなり混む。とくに桜と紅葉のシーズンはテーマパークのように混雑する。バスは安くて便利だが混みすぎて乗れなかったり時間通りに来ないので、タクシーか自転車の移動がすごくおすすめ。,
osaka,,,,1,USJがあるが、大阪のまわりに魅力的な街があり、東京と似た街なので東京に行くのであればスキップをおすすめする。,
hyogo,,,,5,関西で一番有名な温泉があり、とても風情がある。車をレンタルするのであれば淡路島は最も良い観光地のひとつ。,
nara,,,,2,鹿と神社で有名な場所で、京都からアクセスが良い。滞在時間が少ないならばスキップを検討しても良い。,
wakayama,,,,1,とても素敵な海の街で日本を感じられる場所だが、地理的にかなり不便な場所にある。,
tottori,,,,1,大山、鳥取砂丘などここでしか見れないスポットがたくさんあるが、アクセスが悪いのでスキップした方がいい。,
shimane,,,,1,コンビニも信号もほとんどない、日本で最も田舎だと感じた場所だが、とても秘境感がある。石見銀山は大変魅力的な街だが、初回の日本旅行で行く場所ではない。,
okayama,,,,1,アクセスが悪いためスキップをおすすめ。歴史と文化が深い街。,
hiroshima,,,,4,多くの観光客が1度目の日本旅行で行く場所のひとつ。宮島や原爆ドームなどの有名なところは個人的にはあまり面白くない。野球が好きな人は広島駅のスタジアムに行くと、日本で一番盛り上がっているので楽しい場所です。Onomichiはサイクリングの聖地なので、サイクリングが好きな人は調べてみてください。,
yamaguchi,,,,2,時間があればぜひ訪れてほしいが、アクセスがあまり良くない。門司港はノスタルジーを感じる場所でした。,
tokushima,,,,1,四国エリアと呼ばれる場所で、離島でアクセスが悪い。スキップをおすすめする。,
kagawa,,,,1,通称、うどん県。日本で一番美味しいうどんがここで食べられる。四国エリアと呼ばれる場所で、離島でアクセスが悪い。スキップをおすすめする。,
ehime,,,,1,通称、みかん県。日本で一番美味しいみかんがここで食べられる。姫まどんなは本当に美味しい。四国エリアと呼ばれる場所で、離島でアクセスが悪い。スキップをおすすめする。,
kochi,,,,1,四国エリアと呼ばれる場所で、離島でアクセスが悪い。スキップをおすすめする。,
fukuoka,,,,4,飛行機、新幹線ともにアクセスがいい。都市部を離れると山も川も海もすべて綺麗で、食事が美味しい。九州エリアに行くならここをベースにしたい場所。,
saga,,,,1,スキップ推奨。,
nagasaki,,,,4,最もキリスト教に影響を受けた街で、日本と西洋の文化が混じり合っている。教会がたくさんあり、お墓なども西洋のものでとてもユニーク。ここでしか体験できないことがたくさんあるので、クリスチャンや教会に興味がある人はおすすめ。,
kumamoto,,,,3,自然が最高すぎる。阿蘇山はキャンプに最も適したエリアのひとつでしょう。,
oita,,,,3,九州エリアで一番有名な温泉街。温泉好きなら一度は行っておきたい。,
miyazaki,,,,1,スキップ推奨。,
kagoshima,,,,1,アクセスが非常に悪いのでスキップ推奨。,
okinawa,,,,5,南の島が好きな人は絶対に行ってほしいエリア。安く、ホテルのクオリティが高く、海がとても綺麗。都市部の那覇以外のすべての島が特徴がそれぞれあり、人々もフレンドリーで愉快。,
,,,,,,
,,,,,,
,,,,,,
,,,,,,
,,,,,,
,,,,,,
,,,,,,
,,,,,,
,,,,,,
,,,,,,
,,,,,,
,,,,,,
,,,,,,
,,,,,,
,,,,,,
,,,,,,
,,,,,,
Prefecture,Major Cities,Recommendation Level,Review,,,
,"Sapporo, Hakodate, Asahikawa",⭐⭐⭐⭐ (4/5),"Hokkaido is Japan's coldest region, with snow covering the ground for almost half the year. Though it's far from Tokyo, it’s surprisingly easy to reach with just a 1.5-hour flight. This prefecture is a paradise for winter activities like skiing and snowboarding. It’s also famous for fresh seafood, unique souvenirs, and breathtaking landscapes. The downside? Hokkaido lacks mountains with hot springs, so onsen options are limited. Still, it’s one of Japan’s top destinations for tourists.",,,
,"Aomori City, Hirosaki, Towada",⭐⭐⭐⭐ (4/5),"Known as the ""Apple Prefecture,"" Aomori offers a blend of history, nature, and culture. Its famous Nebuta Festival attracts visitors from all over Japan. You can also enjoy hot springs and traditional villages. The stunning Lake Towada and Oirase Gorge are must-see spots. Aomori’s fresh apples and apple-based products make great souvenirs. While the prefecture is beautiful, its remote location may require extra planning.",,,
,"Morioka, Hiraizumi, Kamaishi",⭐ (1/5),"Iwate is a deep and culturally rich region, but it’s not ideal for first-time visitors to Japan. Access can be challenging, making it better suited for experienced travelers. Hiraizumi, a UNESCO World Heritage site, and the rugged Sanriku Coast are highlights. However, for most tourists, other prefectures may be more convenient and engaging.",,,
,"Sendai, Matsushima, Ishinomaki",⭐ (1/5),"Miyagi has some beautiful spots, like the scenic Matsushima Bay and the city of Sendai, known for its delicious gyutan (grilled beef tongue). However, it’s not an essential destination for first-time visitors. The prefecture is best for those seeking quieter, lesser-known places.",,,
,"Akita City, Yokote, Oga",⭐⭐ (2/5),"Akita offers a mix of hot springs, beautiful lakes, and local food culture. The Akita Kanto Festival is a unique experience. Despite these attractions, access to Akita is limited, making it less convenient for short trips. If you’re looking for off-the-beaten-path adventures, this prefecture could be worth considering.",,,
,"Yamagata City, Ginzan Onsen, Tsuruoka",⭐⭐⭐ (3/5),"Yamagata is home to Ginzan Onsen, one of Japan’s most picturesque hot spring towns. The quality of the hot springs is excellent, and the area feels like a step back in time. However, poor access makes it better for longer stays. If you’re looking for a peaceful getaway, Yamagata is a great option.",,,
,"Fukushima City, Aizu-Wakamatsu, Iwaki",⭐⭐⭐ (3/5),"Fukushima offers a perfect blend of nature and urban experiences. Explore traditional streets in Aizu-Wakamatsu, enjoy delicious fruits, and relax in excellent hot springs. Despite its reputation, Fukushima has plenty to offer for those willing to explore beyond its past challenges.",,,
,"Mito, Tsukuba, Hitachi",⭐ (1/5),"Ibaraki is often considered Japan’s least attractive prefecture, but it has hidden gems. If you love shrines and temples, there are several worth visiting, like Kashima Jingu. For most travelers, however, other prefectures offer more compelling experiences.",,,
,"Nikko, Utsunomiya, Ashikaga",⭐⭐⭐⭐⭐ (5/5),"Tochigi is a must-visit for nature lovers and history enthusiasts. Nikko, with its famous Toshogu Shrine, waterfalls, and forests, is a highlight. The prefecture also offers high-quality hot springs close to Tokyo. Whether you’re a first-time visitor or a seasoned traveler, Tochigi has something for everyone.",,,
,"Kusatsu, Minakami, Takasaki",⭐⭐⭐⭐ (4/5),"Gunma is known for its onsen, including Kusatsu, one of Japan’s most famous hot spring towns. It’s easily accessible from Tokyo, making it a great option for short trips. In summer, Minakami offers outdoor activities like rafting, and the region’s water quality is outstanding.",,,
,"Kawagoe, Saitama City, Chichibu",⭐⭐⭐ (3/5),"Saitama is known for its bonsai culture, with the Omiya Bonsai Village and Museum being standout attractions. Kawagoe, often called ""Little Edo,"" is a historic town perfect for a day trip. Though it doesn’t have the top spots in Japan, Saitama packs a lot of variety in a small area, making it convenient for travelers short on time.",,,
,"Chiba City, Narita, Kisarazu",⭐⭐⭐ (3/5),"Chiba is best known for housing Tokyo Disneyland and Narita International Airport. While it lacks iconic tourist spots, places like Nokogiri Mountain and the historic town of Sakura make it worth a visit. Its proximity to Tokyo also makes it an easy day trip option.",,,
,"Shinjuku, Shibuya, Ginza",⭐⭐⭐⭐⭐ (5/5),"Tokyo is Japan’s capital and a city like no other. It’s massive, offering something for everyone—fashion, food, anime, coffee, or history. Each district has its unique charm, from the bustling streets of Shibuya to the serene Meiji Shrine. A must-visit for any trip to Japan.",,,
,"Yokohama, Kamakura, Hakone",⭐⭐⭐ (3/5),"Kanagawa is home to Yokohama, a romantic port city perfect for evening strolls, and Kamakura, a historical town famous for its Great Buddha and temples. Hakone offers hot springs and stunning views of Mount Fuji. While these spots are great, the prefecture lacks diversity outside its main attractions.",,,
,"Niigata City, Sado, Yuzawa",⭐⭐⭐ (3/5),"Niigata is famous for producing Japan’s best rice and sake. It’s also a top destination for winter sports, with easy access to ski resorts like Yuzawa. While it’s great for food and snow lovers, many travelers choose nearby Nagano for similar experiences with better access.",,,
,"Toyama City, Tateyama, Takaoka",⭐⭐⭐ (3/5),"Toyama is a hidden gem with breathtaking nature, including the Tateyama Kurobe Alpine Route and traditional Gokayama villages. However, its limited transportation options make it challenging to explore without a car.",,,
,"Kanazawa, Nanao, Kaga",⭐⭐⭐⭐⭐ (5/5),"Ishikawa’s Kanazawa is a treasure trove of history and culture, featuring Kenrokuen Garden, 21st Century Museum, and Omicho Market. The compact city layout makes it easy to explore. Don’t miss the local specialty, nodoguro fish. A must-visit for history and food enthusiasts.",,,
,"Fukui City, Tsuruga, Echizen",⭐ (1/5),"Fukui is known for its crab and scenic coastline. While it has some interesting cultural and natural attractions, like the Eiheiji Temple and Tojinbo Cliffs, it’s not a top priority for most tourists. The lack of convenient access makes it better suited for seasoned travelers.",,,
,"Kofu, Fujiyoshida, Otsuki",⭐⭐⭐⭐ (4/5),"Yamanashi is home to Mount Fuji and offers stunning natural scenery. Visitors can enjoy hiking, hot springs, and local specialties like hoto noodles. The area is also famous for its wineries and grape production. Perfect for nature lovers and food enthusiasts.",,,
,"Nagano City, Matsumoto, Karuizawa",⭐⭐⭐⭐⭐ (5/5),"Nagano is one of Japan’s top destinations for both summer and winter. In summer, it offers cool mountain retreats like Karuizawa and Kamikochi, while in winter it’s famous for skiing and snow monkeys. Nagano blends nature, history, and adventure perfectly.",,,
,"Nagoya, Toyota, Inuyama",⭐⭐ (2/5),"Aichi is centered around Nagoya, a bustling city with modern attractions but limited tourist hotspots. While it’s a convenient travel hub, most travelers pass through rather than stay. Inuyama Castle and Atsuta Shrine are highlights, but overall, Aichi may not stand out compared to nearby regions.",,,
,"Ise, Matsusaka, Toba",⭐ (1/5),"Mie is famous for Matsusaka beef and the Ise Grand Shrine, one of Japan’s most important Shinto sites. However, unless you have specific plans like visiting Ise, this prefecture is often skipped by general tourists.",,,
,"Otsu, Hikone, Omihachiman",⭐⭐ (2/5),"Shiga is known for Lake Biwa, Japan’s largest lake. It’s a beautiful region near Kyoto, offering serene scenery and historical towns like Omihachiman. Although picturesque, Shiga’s attractions are less famous internationally, making it better for repeat visitors.",,,
,"Kyoto City, Uji, Nagaokakyo",⭐⭐⭐⭐⭐ (5/5),"Kyoto is a must-see for almost all visitors to Japan. Its stunning temples, gardens, and traditional streets make it a top-tier destination. However, the city can get extremely crowded, especially during cherry blossom and autumn foliage seasons. Taxis or bicycles are highly recommended for getting around during peak times.",,,
,"Osaka City, Sakai, Minoh",⭐ (1/5),"Osaka is famous for Universal Studios Japan (USJ) and street food, but the city itself is often compared to Tokyo. If you’ve already been to Tokyo, Osaka might feel less unique. Surrounding areas like Nara and Kyoto offer more cultural experiences, so Osaka may not be a priority for some travelers.",,,
,"Kobe, Himeji, Awaji Island",⭐⭐⭐⭐⭐ (5/5),"Hyogo is home to Japan’s most famous onsen town, Arima Onsen, and the stunning Himeji Castle. Kobe’s vibrant harbor and excellent cuisine add to the appeal. Awaji Island is a hidden gem for nature lovers. Hyogo is an excellent destination for both relaxation and sightseeing.",,,
,"Nara City, Asuka, Yoshino",⭐⭐ (2/5),"Nara is renowned for its deer park and large Buddha statue at Todai-ji Temple. It’s an easy day trip from Kyoto or Osaka, but beyond the main attractions, there’s less to see. If time is short, prioritizing Kyoto may be a better option.",,,
,"Wakayama City, Shirahama, Koyasan",⭐ (1/5),"Wakayama offers scenic coastal towns and spiritual sites like Mount Koya. While beautiful, the region is harder to access and less visited by first-time tourists. The rugged beauty is appealing for those seeking off-the-beaten-path adventures.",,,
,"Tottori City, Kurayoshi, Yonago",⭐ (1/5),"Tottori is famous for its sand dunes and Mount Daisen. While unique, access to Tottori can be challenging, and many travelers opt for more accessible destinations. It’s worth a visit if you enjoy nature and quieter locales.",,,
,"Matsue, Izumo, Iwami Ginzan",⭐ (1/5),"Shimane is one of Japan’s most rural areas, known for Izumo Taisha, one of Japan’s oldest shrines. It feels like stepping back in time, but its remoteness and limited transport options make it better suited for experienced travelers.",,,
,"Okayama City, Kurashiki, Tsuyama",⭐ (1/5),"Access to Okayama is not ideal, making it less of a priority. However, it has deep historical and cultural significance. Kurashiki’s preserved district is charming, but for first-time visitors, other destinations might offer more excitement.",,,
,"Hiroshima City, Miyajima, Onomichi",⭐⭐⭐⭐ (4/5),"Hiroshima is a common stop for first-time visitors to Japan. While famous sites like Miyajima and the Atomic Bomb Dome attract many, they may not appeal to everyone. Baseball fans should check out Hiroshima Stadium, known for its lively atmosphere. Onomichi is a paradise for cyclists, so if you love biking, this spot is worth a visit.",,,
,"Shimonoseki, Hagi, Iwakuni",⭐⭐ (2/5),"Yamaguchi is a beautiful region with nostalgic spots like Mojiko. However, access is not the easiest. If you have time, it’s worth visiting, but it may not be a top priority for first-time travelers.",,,
,"Tokushima City, Naruto, Awa",⭐ (1/5),"Located in Shikoku, Tokushima is harder to access. Known for the Awa Odori dance festival, it’s a charming but remote area. Unless you have specific plans, it’s often skipped.",,,
,"Takamatsu, Marugame, Naoshima",⭐ (1/5),"Kagawa, also known as the ""Udon Prefecture,"" serves Japan’s best udon. While delicious, Kagawa’s location on Shikoku island makes access difficult. If you’re not a fan of udon or island hopping, it might be best to skip.",,,
,"Matsuyama, Uwajima, Imabari",⭐ (1/5),"Nicknamed the ""Mikan (Mandarin Orange) Prefecture,"" Ehime grows Japan’s tastiest mikan. While the fruit is amazing, the prefecture’s remote location in Shikoku makes it less convenient for tourists. If you love citrus, though, it’s worth the trip.",,,
,"Kochi City, Shimanto, Muroto",⭐ (1/5),"Kochi, part of Shikoku, is scenic but remote. While it offers unique attractions, the difficulty in reaching it often leads to it being skipped by tourists.",,,
,"Fukuoka City, Dazaifu, Kitakyushu",⭐⭐⭐⭐ (4/5),"Fukuoka is well-connected by flights and shinkansen. The further you go from the city, the more beautiful the scenery becomes. Mountains, rivers, and coastlines surround the area, and the food is excellent. Fukuoka is an ideal base for exploring Kyushu.",,,
,"Saga City, Karatsu, Takeo",⭐ (1/5),"Saga doesn’t offer many standout attractions, making it easy to skip. Unless you have specific plans, focusing on other Kyushu prefectures might be more rewarding.",,,
,"Nagasaki City, Sasebo, Shimabara",⭐⭐⭐⭐ (4/5),"Nagasaki blends Japanese and Western influences, reflecting its Christian history. Churches, cemeteries, and Western architecture make it a unique destination. If you’re interested in Christianity or historical trade routes, Nagasaki is highly recommended.",,,
,"Kumamoto City, Aso, Yamaga",⭐⭐⭐ (3/5),"Kumamoto is all about nature. Aso’s volcanic landscape is ideal for camping and outdoor adventures. If you love the outdoors, Kumamoto is a must-visit.",,,
,"Beppu, Yufuin, Kunisaki",⭐⭐⭐ (3/5),"Oita is Kyushu’s top onsen destination. Beppu and Yufuin are famous hot spring towns. If you love onsen, Oita should be on your list.",,,
,"Miyazaki City, Takachiho, Nichinan",⭐ (1/5),"Miyazaki has beautiful coastal scenery, but its remote location makes it less attractive to most tourists. Unless you have specific plans, it’s often skipped.",,,
,"Kagoshima City, Ibusuki, Kirishima",⭐ (1/5),"Kagoshima is hard to reach, making access a challenge. While it offers beautiful landscapes and volcanoes, the inconvenience may not be worth it for most travelers.",,,
,,,,,,
,"Shizuoka City, Atami, Izu",⭐⭐⭐⭐ (4/5),"Shizuoka is famous for Mount Fuji views and beautiful beaches, setting it apart from neighboring Yamanashi. Atami, Izu, and Shimoda are popular hot spring destinations. The region is also known for green tea and the iconic Nihondaira Ropeway. Shizuoka is loved by many Japanese tourists for its scenic coastal areas and vibrant local attractions.",,,
,"Naha, Nago, Ishigaki",⭐⭐⭐⭐⭐ (5/5),"Okinawa is a tropical paradise with stunning beaches, crystal-clear waters, and a relaxed atmosphere. Each island has its own unique charm. Naha is the gateway city, while Ishigaki and Miyako Islands offer some of the best diving and snorkeling spots in Japan. Okinawa’s distinct culture and history make it a must-visit for beach lovers and history enthusiasts alike.",,,
,,,,,,
,,,,,,
,,,,,,
,,,,,,
Prefecture,Major Cities,Recommendation Level,Review,,,
Hokkaido,"Sapporo, Hakodate, Asahikawa",⭐⭐⭐⭐ (4/5),"Hokkaido is Japan's coldest region, with snow covering the ground for almost half the year. Though it's far from Tokyo, it’s surprisingly easy to reach with just a 1.5-hour flight. This prefecture is a paradise for winter activities like skiing and snowboarding. It’s also famous for fresh seafood, unique souvenirs, and breathtaking landscapes. The downside? Hokkaido lacks mountains with hot springs, so onsen options are limited. Still, it’s one of Japan’s top destinations for tourists.",,,
Aomori,"Aomori City, Hirosaki, Towada",⭐⭐⭐⭐ (4/5),"Known as the ""Apple Prefecture,"" Aomori offers a blend of history, nature, and culture. Its famous Nebuta Festival attracts visitors from all over Japan. You can also enjoy hot springs and traditional villages. The stunning Lake Towada and Oirase Gorge are must-see spots. Aomori’s fresh apples and apple-based products make great souvenirs. While the prefecture is beautiful, its remote location may require extra planning.",,,
Iwate,"Morioka, Hiraizumi, Kamaishi",⭐ (1/5),"Iwate is a deep and culturally rich region, but it’s not ideal for first-time visitors to Japan. Access can be challenging, making it better suited for experienced travelers. Hiraizumi, a UNESCO World Heritage site, and the rugged Sanriku Coast are highlights. However, for most tourists, other prefectures may be more convenient and engaging.",,,
Miyagi,"Sendai, Matsushima, Ishinomaki",⭐ (1/5),"Miyagi has some beautiful spots, like the scenic Matsushima Bay and the city of Sendai, known for its delicious gyutan (grilled beef tongue). However, it’s not an essential destination for first-time visitors. The prefecture is best for those seeking quieter, lesser-known places.",,,
Akita,"Akita City, Yokote, Oga",⭐⭐ (2/5),"Akita offers a mix of hot springs, beautiful lakes, and local food culture. The Akita Kanto Festival is a unique experience. Despite these attractions, access to Akita is limited, making it less convenient for short trips. If you’re looking for off-the-beaten-path adventures, this prefecture could be worth considering.",,,
Yamagata,"Yamagata City, Ginzan Onsen, Tsuruoka",⭐⭐⭐ (3/5),"Yamagata is home to Ginzan Onsen, one of Japan’s most picturesque hot spring towns. The quality of the hot springs is excellent, and the area feels like a step back in time. However, poor access makes it better for longer stays. If you’re looking for a peaceful getaway, Yamagata is a great option.",,,
Fukushima,"Fukushima City, Aizu-Wakamatsu, Iwaki",⭐⭐⭐ (3/5),"Fukushima offers a perfect blend of nature and urban experiences. Explore traditional streets in Aizu-Wakamatsu, enjoy delicious fruits, and relax in excellent hot springs. Despite its reputation, Fukushima has plenty to offer for those willing to explore beyond its past challenges.",,,
,,,,,,
Ibaraki,"Mito, Tsukuba, Hitachi",⭐ (1/5),"Ibaraki is often considered Japan’s least attractive prefecture, but it has hidden gems. If you love shrines and temples, there are several worth visiting, like Kashima Jingu. For most travelers, however, other prefectures offer more compelling experiences.",,,
Tochigi,"Nikko, Utsunomiya, Ashikaga",⭐⭐⭐⭐⭐ (5/5),"Tochigi is a must-visit for nature lovers and history enthusiasts. Nikko, with its famous Toshogu Shrine, waterfalls, and forests, is a highlight. The prefecture also offers high-quality hot springs close to Tokyo. Whether you’re a first-time visitor or a seasoned traveler, Tochigi has something for everyone.",,,
Gunma,"Kusatsu, Minakami, Takasaki",⭐⭐⭐⭐ (4/5),"Gunma is known for its onsen, including Kusatsu, one of Japan’s most famous hot spring towns. It’s easily accessible from Tokyo, making it a great option for short trips. In summer, Minakami offers outdoor activities like rafting, and the region’s water quality is outstanding.",,,
Saitama,"Kawagoe, Saitama City, Chichibu",⭐⭐⭐ (3/5),"Saitama is known for its bonsai culture, with the Omiya Bonsai Village and Museum being standout attractions. Kawagoe, often called ""Little Edo,"" is a historic town perfect for a day trip.",,,
Chiba,"Narita, Kisarazu, Choshi",⭐⭐⭐ (3/5),Chiba is best known for housing Tokyo Disneyland and Narita International Airport.,,,
Tokyo,"Shinjuku, Shibuya, Ginza",⭐⭐⭐⭐⭐ (5/5),Tokyo is Japan’s capital and a city like no other.,,,
Kanagawa,"Yokohama, Kamakura, Hakone",⭐⭐⭐ (3/5),"Kanagawa is home to Yokohama, a romantic port city perfect for evening strolls.",,,
,,,,,,
Niigata,"Niigata City, Sado, Yuzawa",⭐⭐⭐ (3/5),Niigata is famous for producing Japan’s best rice and sake.,,,
Toyama,"Toyama City, Tateyama, Takaoka",⭐⭐⭐ (3/5),Toyama is a hidden gem with breathtaking nature.,,,
Ishikawa,"Kanazawa, Nanao, Kaga",⭐⭐⭐⭐⭐ (5/5),Ishikawa’s Kanazawa is a treasure trove of history and culture.,,,
Fukui,"Fukui City, Tsuruga, Echizen",⭐ (1/5),Fukui is known for its crab and scenic coastline.,,,
,,,,,,
Gifu,"Takayama, Shirakawa-go, Gero",⭐⭐⭐⭐⭐ (5/5),"Gifu’s remote beauty makes it less accessible, but it’s a favorite among many travelers.",,,
Shizuoka,"Shizuoka City, Atami, Izu",⭐⭐⭐⭐ (4/5),Shizuoka is famous for Mount Fuji views and beautiful beaches.,,,
Okinawa,"Naha, Nago, Ishigaki",⭐⭐⭐⭐⭐ (5/5),Okinawa is a tropical paradise with stunning beaches and a relaxed atmosphere.,,,